,ID
0,c114686nu_brain5_slice_0008.png
1,c114686nu_brain5_slice_0009.png
2,c114686nu_brain5_slice_0010.png
3,c114686nu_brain5_slice_0011.png
4,c114686nu_brain5_slice_0012.png
5,c114686nu_brain5_slice_0013.png
6,c114686nu_brain5_slice_0014.png
7,c114686nu_brain5_slice_0015.png
8,c114686nu_brain5_slice_0016.png
9,c114686nu_brain5_slice_0017.png
10,c114686nu_brain5_slice_0018.png
11,c114686nu_brain5_slice_0019.png
12,c114686nu_brain5_slice_0020.png
13,c114686nu_brain5_slice_0021.png
14,c114686nu_brain5_slice_0022.png
15,c114686nu_brain5_slice_0023.png
16,c114686nu_brain5_slice_0024.png
17,c114686nu_brain5_slice_0025.png
18,c114686nu_brain5_slice_0026.png
19,c114686nu_brain5_slice_0027.png
20,c114686nu_brain5_slice_0028.png
21,c114686nu_brain5_slice_0029.png
22,c114686nu_brain5_slice_0030.png
23,c114686nu_brain5_slice_0031.png
24,c114686nu_brain5_slice_0032.png
25,c114686nu_brain5_slice_0033.png
26,c114686nu_brain5_slice_0034.png
27,c114686nu_brain5_slice_0035.png
28,c114686nu_brain5_slice_0036.png
29,c114686nu_brain5_slice_0037.png
30,c114686nu_brain5_slice_0038.png
31,c114686nu_brain5_slice_0039.png
32,c114686nu_brain5_slice_0040.png
33,c114686nu_brain5_slice_0041.png
34,c114686nu_brain5_slice_0042.png
35,c114686nu_brain5_slice_0043.png
36,c114686nu_brain5_slice_0044.png
37,c114686nu_brain5_slice_0045.png
38,c114686nu_brain5_slice_0046.png
39,c114686nu_brain5_slice_0047.png
40,c114686nu_brain5_slice_0048.png
41,c114686nu_brain5_slice_0049.png
42,c114686nu_brain5_slice_0050.png
43,c114686nu_brain5_slice_0051.png
44,c114686nu_brain5_slice_0052.png
45,c114686nu_brain5_slice_0053.png
46,c114686nu_brain5_slice_0054.png
47,c114686nu_brain5_slice_0055.png
48,c114686nu_brain5_slice_0056.png
49,c114686nu_brain5_slice_0057.png
50,c114686nu_brain5_slice_0058.png
51,c114686nu_brain5_slice_0059.png
52,c114686nu_brain5_slice_0060.png
53,c114686nu_brain5_slice_0061.png
54,c114686nu_brain5_slice_0062.png
55,c114686nu_brain5_slice_0063.png
56,c114686nu_brain5_slice_0064.png
57,c114686nu_brain5_slice_0065.png
58,c114686nu_brain5_slice_0066.png
59,c114686nu_brain5_slice_0067.png
60,c114686nu_brain5_slice_0068.png
61,c114686nu_brain5_slice_0069.png
62,c114686nu_brain5_slice_0070.png
63,c114686nu_brain5_slice_0071.png
64,c114686nu_brain5_slice_0072.png
65,c114686nu_brain5_slice_0073.png
66,c114686nu_brain5_slice_0074.png
67,c114686nu_brain5_slice_0075.png
68,c114686nu_brain5_slice_0076.png
69,c114686nu_brain5_slice_0077.png
70,c114686nu_brain5_slice_0078.png
71,c114686nu_brain5_slice_0079.png
72,c114686nu_brain5_slice_0080.png
73,c114686nu_brain5_slice_0081.png
74,c114686nu_brain5_slice_0082.png
75,c114686nu_brain5_slice_0083.png
76,c114686nu_brain5_slice_0084.png
77,c114686nu_brain5_slice_0085.png
78,c114686nu_brain5_slice_0086.png
79,c114686nu_brain5_slice_0087.png
80,c114686nu_brain5_slice_0088.png
81,c114686nu_brain5_slice_0089.png
82,c114686nu_brain5_slice_0090.png
83,c114686nu_brain5_slice_0091.png
84,c114686nu_brain5_slice_0092.png
85,c114686nu_brain5_slice_0093.png
86,c114686nu_brain5_slice_0094.png
87,c114686nu_brain5_slice_0095.png
88,c114686nu_brain5_slice_0096.png
89,c114686nu_brain5_slice_0097.png
90,c114686nu_brain5_slice_0098.png
91,c114686nu_brain5_slice_0099.png
92,c114686nu_brain5_slice_0100.png
93,c114686nu_brain5_slice_0101.png
94,c114686nu_brain5_slice_0102.png
95,c114686nu_brain5_slice_0103.png
96,c114686nu_brain5_slice_0104.png
97,c114686nu_brain5_slice_0105.png
98,c114686nu_brain5_slice_0106.png
99,c114686nu_brain5_slice_0107.png
100,c114686nu_brain5_slice_0108.png
101,c114686nu_brain5_slice_0109.png
102,c114686nu_brain5_slice_0110.png
103,c114686nu_brain5_slice_0111.png
104,c114686nu_brain5_slice_0112.png
105,c114686nu_brain5_slice_0116.png
106,c114771nu_brain5_slice_0012.png
107,c114771nu_brain5_slice_0013.png
108,c114771nu_brain5_slice_0014.png
109,c114771nu_brain5_slice_0015.png
110,c114771nu_brain5_slice_0016.png
111,c114771nu_brain5_slice_0017.png
112,c114771nu_brain5_slice_0018.png
113,c114771nu_brain5_slice_0019.png
114,c114771nu_brain5_slice_0020.png
115,c114771nu_brain5_slice_0021.png
116,c114771nu_brain5_slice_0022.png
117,c114771nu_brain5_slice_0023.png
118,c114771nu_brain5_slice_0024.png
119,c114771nu_brain5_slice_0025.png
120,c114771nu_brain5_slice_0026.png
121,c114771nu_brain5_slice_0027.png
122,c114771nu_brain5_slice_0028.png
123,c114771nu_brain5_slice_0029.png
124,c114771nu_brain5_slice_0030.png
125,c114771nu_brain5_slice_0031.png
126,c114771nu_brain5_slice_0032.png
127,c114771nu_brain5_slice_0033.png
128,c114771nu_brain5_slice_0034.png
129,c114771nu_brain5_slice_0035.png
130,c114771nu_brain5_slice_0036.png
131,c114771nu_brain5_slice_0037.png
132,c114771nu_brain5_slice_0038.png
133,c114771nu_brain5_slice_0039.png
134,c114771nu_brain5_slice_0040.png
135,c114771nu_brain5_slice_0041.png
136,c114771nu_brain5_slice_0042.png
137,c114771nu_brain5_slice_0043.png
138,c114771nu_brain5_slice_0044.png
139,c114771nu_brain5_slice_0045.png
140,c114771nu_brain5_slice_0046.png
141,c114771nu_brain5_slice_0047.png
142,c114771nu_brain5_slice_0048.png
143,c114771nu_brain5_slice_0049.png
144,c114771nu_brain5_slice_0050.png
145,c114771nu_brain5_slice_0051.png
146,c114771nu_brain5_slice_0052.png
147,c114771nu_brain5_slice_0053.png
148,c114771nu_brain5_slice_0054.png
149,c114771nu_brain5_slice_0055.png
150,c114771nu_brain5_slice_0056.png
151,c114771nu_brain5_slice_0057.png
152,c114771nu_brain5_slice_0058.png
153,c114771nu_brain5_slice_0059.png
154,c114771nu_brain5_slice_0060.png
155,c114771nu_brain5_slice_0061.png
156,c114771nu_brain5_slice_0062.png
157,c114771nu_brain5_slice_0063.png
158,c114771nu_brain5_slice_0064.png
159,c114771nu_brain5_slice_0065.png
160,c114771nu_brain5_slice_0066.png
161,c114771nu_brain5_slice_0067.png
162,c114771nu_brain5_slice_0068.png
163,c114771nu_brain5_slice_0069.png
164,c114771nu_brain5_slice_0070.png
165,c114771nu_brain5_slice_0071.png
166,c114771nu_brain5_slice_0072.png
167,c114771nu_brain5_slice_0073.png
168,c114771nu_brain5_slice_0074.png
169,c114771nu_brain5_slice_0075.png
170,c114771nu_brain5_slice_0076.png
171,c114771nu_brain5_slice_0077.png
172,c114771nu_brain5_slice_0078.png
173,c114771nu_brain5_slice_0079.png
174,c114771nu_brain5_slice_0080.png
175,c114771nu_brain5_slice_0081.png
176,c114771nu_brain5_slice_0082.png
177,c114771nu_brain5_slice_0083.png
178,c114771nu_brain5_slice_0084.png
179,c114771nu_brain5_slice_0085.png
180,c114771nu_brain5_slice_0086.png
181,c114771nu_brain5_slice_0087.png
182,c114771nu_brain5_slice_0088.png
183,c114771nu_brain5_slice_0089.png
184,c114771nu_brain5_slice_0090.png
185,c114771nu_brain5_slice_0091.png
186,c114771nu_brain5_slice_0092.png
187,c114771nu_brain5_slice_0093.png
188,c114771nu_brain5_slice_0094.png
189,c114771nu_brain5_slice_0095.png
190,c114771nu_brain5_slice_0096.png
191,c114771nu_brain5_slice_0097.png
192,c114771nu_brain5_slice_0098.png
193,c114771nu_brain5_slice_0099.png
194,c114771nu_brain5_slice_0100.png
195,c114771nu_brain5_slice_0101.png
196,c114771nu_brain5_slice_0102.png
197,c114771nu_brain5_slice_0103.png
198,c114771nu_brain5_slice_0104.png
199,c114771nu_brain5_slice_0105.png
200,c114771nu_brain5_slice_0106.png
201,c114771nu_brain5_slice_0107.png
202,c114771nu_brain5_slice_0108.png
203,c114771nu_brain5_slice_0109.png
204,c114771nu_brain5_slice_0110.png
205,c114771nu_brain5_slice_0111.png
206,c114771nu_brain5_slice_0112.png
207,c114771nu_brain5_slice_0113.png
208,c114771nu_brain5_slice_0114.png
209,c114771nu_brain5_slice_0115.png
210,c114771nu_brain5_slice_0116.png
211,c114963nu_brain5_slice_0010.png
212,c114963nu_brain5_slice_0011.png
213,c114963nu_brain5_slice_0012.png
214,c114963nu_brain5_slice_0013.png
215,c114963nu_brain5_slice_0014.png
216,c114963nu_brain5_slice_0015.png
217,c114963nu_brain5_slice_0016.png
218,c114963nu_brain5_slice_0017.png
219,c114963nu_brain5_slice_0018.png
220,c114963nu_brain5_slice_0019.png
221,c114963nu_brain5_slice_0020.png
222,c114963nu_brain5_slice_0021.png
223,c114963nu_brain5_slice_0022.png
224,c114963nu_brain5_slice_0023.png
225,c114963nu_brain5_slice_0024.png
226,c114963nu_brain5_slice_0025.png
227,c114963nu_brain5_slice_0026.png
228,c114963nu_brain5_slice_0027.png
229,c114963nu_brain5_slice_0028.png
230,c114963nu_brain5_slice_0029.png
231,c114963nu_brain5_slice_0030.png
232,c114963nu_brain5_slice_0031.png
233,c114963nu_brain5_slice_0032.png
234,c114963nu_brain5_slice_0033.png
235,c114963nu_brain5_slice_0034.png
236,c114963nu_brain5_slice_0035.png
237,c114963nu_brain5_slice_0036.png
238,c114963nu_brain5_slice_0037.png
239,c114963nu_brain5_slice_0038.png
240,c114963nu_brain5_slice_0039.png
241,c114963nu_brain5_slice_0040.png
242,c114963nu_brain5_slice_0041.png
243,c114963nu_brain5_slice_0042.png
244,c114963nu_brain5_slice_0043.png
245,c114963nu_brain5_slice_0044.png
246,c114963nu_brain5_slice_0045.png
247,c114963nu_brain5_slice_0046.png
248,c114963nu_brain5_slice_0047.png
249,c114963nu_brain5_slice_0048.png
250,c114963nu_brain5_slice_0049.png
251,c114963nu_brain5_slice_0050.png
252,c114963nu_brain5_slice_0051.png
253,c114963nu_brain5_slice_0052.png
254,c114963nu_brain5_slice_0053.png
255,c114963nu_brain5_slice_0054.png
256,c114963nu_brain5_slice_0055.png
257,c114963nu_brain5_slice_0056.png
258,c114963nu_brain5_slice_0057.png
259,c114963nu_brain5_slice_0058.png
260,c114963nu_brain5_slice_0059.png
261,c114963nu_brain5_slice_0060.png
262,c114963nu_brain5_slice_0061.png
263,c114963nu_brain5_slice_0062.png
264,c114963nu_brain5_slice_0063.png
265,c114963nu_brain5_slice_0064.png
266,c114963nu_brain5_slice_0065.png
267,c114963nu_brain5_slice_0066.png
268,c114963nu_brain5_slice_0067.png
269,c114963nu_brain5_slice_0068.png
270,c114963nu_brain5_slice_0069.png
271,c114963nu_brain5_slice_0070.png
272,c114963nu_brain5_slice_0071.png
273,c114963nu_brain5_slice_0072.png
274,c114963nu_brain5_slice_0073.png
275,c114963nu_brain5_slice_0074.png
276,c114963nu_brain5_slice_0075.png
277,c114963nu_brain5_slice_0076.png
278,c114963nu_brain5_slice_0077.png
279,c114963nu_brain5_slice_0078.png
280,c114963nu_brain5_slice_0079.png
281,c114963nu_brain5_slice_0080.png
282,c114963nu_brain5_slice_0081.png
283,c114963nu_brain5_slice_0082.png
284,c114963nu_brain5_slice_0083.png
285,c114963nu_brain5_slice_0084.png
286,c114963nu_brain5_slice_0085.png
287,c114963nu_brain5_slice_0086.png
288,c114963nu_brain5_slice_0087.png
289,c114963nu_brain5_slice_0088.png
290,c114963nu_brain5_slice_0089.png
291,c114963nu_brain5_slice_0090.png
292,c114963nu_brain5_slice_0091.png
293,c114963nu_brain5_slice_0092.png
294,c114963nu_brain5_slice_0093.png
295,c114963nu_brain5_slice_0094.png
296,c114963nu_brain5_slice_0095.png
297,c114963nu_brain5_slice_0096.png
298,c114963nu_brain5_slice_0097.png
299,c114963nu_brain5_slice_0098.png
300,c114963nu_brain5_slice_0099.png
301,c114963nu_brain5_slice_0100.png
302,c114963nu_brain5_slice_0101.png
303,c114963nu_brain5_slice_0102.png
304,c114963nu_brain5_slice_0103.png
305,c114963nu_brain5_slice_0104.png
306,c114963nu_brain5_slice_0105.png
307,c114963nu_brain5_slice_0106.png
308,c114963nu_brain5_slice_0107.png
309,c114963nu_brain5_slice_0108.png
310,c114963nu_brain5_slice_0109.png
311,c114963nu_brain5_slice_0110.png
312,c114963nu_brain5_slice_0111.png
313,c114963nu_brain5_slice_0112.png
314,c114963nu_brain5_slice_0113.png
315,c114963nu_brain5_slice_0114.png
316,c114963nu_brain5_slice_0115.png
317,c114963nu_brain5_slice_0116.png
318,c114963nu_brain5_slice_0117.png
319,c114963nu_brain5_slice_0118.png
320,c114963nu_brain5_slice_0119.png
321,c114963nu_brain5_slice_0120.png
322,c114963nu_brain5_slice_0121.png
323,c114963nu_brain5_slice_0122.png
324,c114963nu_brain5_slice_0123.png
325,c114963nu_brain5_slice_0124.png
326,c115124nu_brain5_slice_0013.png
327,c115124nu_brain5_slice_0014.png
328,c115124nu_brain5_slice_0015.png
329,c115124nu_brain5_slice_0016.png
330,c115124nu_brain5_slice_0017.png
331,c115124nu_brain5_slice_0018.png
332,c115124nu_brain5_slice_0019.png
333,c115124nu_brain5_slice_0020.png
334,c115124nu_brain5_slice_0021.png
335,c115124nu_brain5_slice_0022.png
336,c115124nu_brain5_slice_0023.png
337,c115124nu_brain5_slice_0024.png
338,c115124nu_brain5_slice_0025.png
339,c115124nu_brain5_slice_0026.png
340,c115124nu_brain5_slice_0027.png
341,c115124nu_brain5_slice_0028.png
342,c115124nu_brain5_slice_0029.png
343,c115124nu_brain5_slice_0030.png
344,c115124nu_brain5_slice_0031.png
345,c115124nu_brain5_slice_0032.png
346,c115124nu_brain5_slice_0033.png
347,c115124nu_brain5_slice_0034.png
348,c115124nu_brain5_slice_0035.png
349,c115124nu_brain5_slice_0036.png
350,c115124nu_brain5_slice_0037.png
351,c115124nu_brain5_slice_0038.png
352,c115124nu_brain5_slice_0039.png
353,c115124nu_brain5_slice_0040.png
354,c115124nu_brain5_slice_0041.png
355,c115124nu_brain5_slice_0042.png
356,c115124nu_brain5_slice_0043.png
357,c115124nu_brain5_slice_0044.png
358,c115124nu_brain5_slice_0045.png
359,c115124nu_brain5_slice_0046.png
360,c115124nu_brain5_slice_0047.png
361,c115124nu_brain5_slice_0048.png
362,c115124nu_brain5_slice_0049.png
363,c115124nu_brain5_slice_0050.png
364,c115124nu_brain5_slice_0051.png
365,c115124nu_brain5_slice_0052.png
366,c115124nu_brain5_slice_0053.png
367,c115124nu_brain5_slice_0054.png
368,c115124nu_brain5_slice_0055.png
369,c115124nu_brain5_slice_0056.png
370,c115124nu_brain5_slice_0057.png
371,c115124nu_brain5_slice_0058.png
372,c115124nu_brain5_slice_0059.png
373,c115124nu_brain5_slice_0060.png
374,c115124nu_brain5_slice_0061.png
375,c115124nu_brain5_slice_0062.png
376,c115124nu_brain5_slice_0063.png
377,c115124nu_brain5_slice_0064.png
378,c115124nu_brain5_slice_0065.png
379,c115124nu_brain5_slice_0066.png
380,c115124nu_brain5_slice_0067.png
381,c115124nu_brain5_slice_0068.png
382,c115124nu_brain5_slice_0069.png
383,c115124nu_brain5_slice_0070.png
384,c115124nu_brain5_slice_0071.png
385,c115124nu_brain5_slice_0072.png
386,c115124nu_brain5_slice_0073.png
387,c115124nu_brain5_slice_0074.png
388,c115124nu_brain5_slice_0075.png
389,c115124nu_brain5_slice_0076.png
390,c115124nu_brain5_slice_0077.png
391,c115124nu_brain5_slice_0078.png
392,c115124nu_brain5_slice_0079.png
393,c115124nu_brain5_slice_0080.png
394,c115124nu_brain5_slice_0081.png
395,c115124nu_brain5_slice_0082.png
396,c115124nu_brain5_slice_0083.png
397,c115124nu_brain5_slice_0084.png
398,c115124nu_brain5_slice_0085.png
399,c115124nu_brain5_slice_0086.png
400,c115124nu_brain5_slice_0087.png
401,c115124nu_brain5_slice_0088.png
402,c115124nu_brain5_slice_0089.png
403,c115124nu_brain5_slice_0090.png
404,c115124nu_brain5_slice_0091.png
405,c115124nu_brain5_slice_0092.png
406,c115124nu_brain5_slice_0093.png
407,c115124nu_brain5_slice_0094.png
408,c115124nu_brain5_slice_0095.png
409,c115124nu_brain5_slice_0096.png
410,c115124nu_brain5_slice_0097.png
411,c115124nu_brain5_slice_0098.png
412,c115124nu_brain5_slice_0099.png
413,c115124nu_brain5_slice_0100.png
414,c115124nu_brain5_slice_0101.png
415,c115124nu_brain5_slice_0102.png
416,c115124nu_brain5_slice_0103.png
417,c115124nu_brain5_slice_0104.png
418,c115124nu_brain5_slice_0105.png
419,c115124nu_brain5_slice_0106.png
420,c115124nu_brain5_slice_0107.png
421,c115124nu_brain5_slice_0108.png
422,c115124nu_brain5_slice_0109.png
423,c115124nu_brain5_slice_0110.png
424,c115124nu_brain5_slice_0111.png
425,c115124nu_brain5_slice_0112.png
426,c115124nu_brain5_slice_0113.png
427,c115124nu_brain5_slice_0114.png
428,c115124nu_brain5_slice_0115.png
429,c115124nu_brain5_slice_0116.png
430,c115124nu_brain5_slice_0117.png
431,c115124nu_brain5_slice_0118.png
432,c115124nu_brain5_slice_0119.png
433,c115134nu_brain5_slice_0008.png
434,c115134nu_brain5_slice_0009.png
435,c115134nu_brain5_slice_0010.png
436,c115134nu_brain5_slice_0011.png
437,c115134nu_brain5_slice_0012.png
438,c115134nu_brain5_slice_0013.png
439,c115134nu_brain5_slice_0014.png
440,c115134nu_brain5_slice_0015.png
441,c115134nu_brain5_slice_0016.png
442,c115134nu_brain5_slice_0017.png
443,c115134nu_brain5_slice_0018.png
444,c115134nu_brain5_slice_0019.png
445,c115134nu_brain5_slice_0020.png
446,c115134nu_brain5_slice_0021.png
447,c115134nu_brain5_slice_0022.png
448,c115134nu_brain5_slice_0023.png
449,c115134nu_brain5_slice_0024.png
450,c115134nu_brain5_slice_0025.png
451,c115134nu_brain5_slice_0026.png
452,c115134nu_brain5_slice_0027.png
453,c115134nu_brain5_slice_0028.png
454,c115134nu_brain5_slice_0029.png
455,c115134nu_brain5_slice_0030.png
456,c115134nu_brain5_slice_0031.png
457,c115134nu_brain5_slice_0032.png
458,c115134nu_brain5_slice_0033.png
459,c115134nu_brain5_slice_0034.png
460,c115134nu_brain5_slice_0035.png
461,c115134nu_brain5_slice_0036.png
462,c115134nu_brain5_slice_0037.png
463,c115134nu_brain5_slice_0038.png
464,c115134nu_brain5_slice_0039.png
465,c115134nu_brain5_slice_0040.png
466,c115134nu_brain5_slice_0041.png
467,c115134nu_brain5_slice_0042.png
468,c115134nu_brain5_slice_0043.png
469,c115134nu_brain5_slice_0044.png
470,c115134nu_brain5_slice_0045.png
471,c115134nu_brain5_slice_0046.png
472,c115134nu_brain5_slice_0047.png
473,c115134nu_brain5_slice_0048.png
474,c115134nu_brain5_slice_0049.png
475,c115134nu_brain5_slice_0050.png
476,c115134nu_brain5_slice_0051.png
477,c115134nu_brain5_slice_0052.png
478,c115134nu_brain5_slice_0053.png
479,c115134nu_brain5_slice_0054.png
480,c115134nu_brain5_slice_0055.png
481,c115134nu_brain5_slice_0056.png
482,c115134nu_brain5_slice_0057.png
483,c115134nu_brain5_slice_0058.png
484,c115134nu_brain5_slice_0059.png
485,c115134nu_brain5_slice_0060.png
486,c115134nu_brain5_slice_0061.png
487,c115134nu_brain5_slice_0062.png
488,c115134nu_brain5_slice_0063.png
489,c115134nu_brain5_slice_0064.png
490,c115134nu_brain5_slice_0065.png
491,c115134nu_brain5_slice_0066.png
492,c115134nu_brain5_slice_0067.png
493,c115134nu_brain5_slice_0068.png
494,c115134nu_brain5_slice_0069.png
495,c115134nu_brain5_slice_0070.png
496,c115134nu_brain5_slice_0071.png
497,c115134nu_brain5_slice_0072.png
498,c115134nu_brain5_slice_0073.png
499,c115134nu_brain5_slice_0074.png
500,c115134nu_brain5_slice_0075.png
501,c115134nu_brain5_slice_0076.png
502,c115134nu_brain5_slice_0077.png
503,c115134nu_brain5_slice_0078.png
504,c115134nu_brain5_slice_0079.png
505,c115134nu_brain5_slice_0080.png
506,c115134nu_brain5_slice_0081.png
507,c115134nu_brain5_slice_0082.png
508,c115134nu_brain5_slice_0083.png
509,c115134nu_brain5_slice_0084.png
510,c115134nu_brain5_slice_0085.png
511,c115134nu_brain5_slice_0086.png
512,c115134nu_brain5_slice_0087.png
513,c115134nu_brain5_slice_0088.png
514,c115134nu_brain5_slice_0089.png
515,c115134nu_brain5_slice_0090.png
516,c115134nu_brain5_slice_0091.png
517,c115134nu_brain5_slice_0092.png
518,c115134nu_brain5_slice_0093.png
519,c115134nu_brain5_slice_0094.png
520,c115134nu_brain5_slice_0095.png
521,c115134nu_brain5_slice_0096.png
522,c115134nu_brain5_slice_0097.png
523,c115134nu_brain5_slice_0098.png
524,c115134nu_brain5_slice_0099.png
525,c115134nu_brain5_slice_0100.png
526,c115134nu_brain5_slice_0101.png
527,c115134nu_brain5_slice_0102.png
528,c115134nu_brain5_slice_0103.png
529,c115134nu_brain5_slice_0104.png
530,c115134nu_brain5_slice_0105.png
531,c115134nu_brain5_slice_0106.png
532,c115134nu_brain5_slice_0107.png
533,c115134nu_brain5_slice_0108.png
534,c115134nu_brain5_slice_0109.png
535,c115134nu_brain5_slice_0110.png
536,c115134nu_brain5_slice_0111.png
537,c115134nu_brain5_slice_0112.png
538,c115134nu_brain5_slice_0113.png
539,c115134nu_brain5_slice_0114.png
540,c115220nu_brain5_slice_0030.png
541,c115220nu_brain5_slice_0031.png
542,c115220nu_brain5_slice_0032.png
543,c115220nu_brain5_slice_0033.png
544,c115220nu_brain5_slice_0034.png
545,c115220nu_brain5_slice_0035.png
546,c115220nu_brain5_slice_0036.png
547,c115220nu_brain5_slice_0037.png
548,c115220nu_brain5_slice_0038.png
549,c115220nu_brain5_slice_0039.png
550,c115220nu_brain5_slice_0040.png
551,c115220nu_brain5_slice_0041.png
552,c115220nu_brain5_slice_0042.png
553,c115220nu_brain5_slice_0043.png
554,c115220nu_brain5_slice_0044.png
555,c115220nu_brain5_slice_0045.png
556,c115220nu_brain5_slice_0046.png
557,c115220nu_brain5_slice_0047.png
558,c115220nu_brain5_slice_0048.png
559,c115220nu_brain5_slice_0049.png
560,c115220nu_brain5_slice_0050.png
561,c115220nu_brain5_slice_0051.png
562,c115220nu_brain5_slice_0052.png
563,c115220nu_brain5_slice_0053.png
564,c115220nu_brain5_slice_0054.png
565,c115220nu_brain5_slice_0055.png
566,c115220nu_brain5_slice_0056.png
567,c115220nu_brain5_slice_0057.png
568,c115220nu_brain5_slice_0058.png
569,c115220nu_brain5_slice_0059.png
570,c115220nu_brain5_slice_0060.png
571,c115220nu_brain5_slice_0061.png
572,c115220nu_brain5_slice_0062.png
573,c115220nu_brain5_slice_0063.png
574,c115220nu_brain5_slice_0064.png
575,c115220nu_brain5_slice_0065.png
576,c115220nu_brain5_slice_0066.png
577,c115220nu_brain5_slice_0067.png
578,c115220nu_brain5_slice_0068.png
579,c115220nu_brain5_slice_0069.png
580,c115220nu_brain5_slice_0070.png
581,c115220nu_brain5_slice_0071.png
582,c115220nu_brain5_slice_0072.png
583,c115220nu_brain5_slice_0073.png
584,c115220nu_brain5_slice_0074.png
585,c115220nu_brain5_slice_0075.png
586,c115220nu_brain5_slice_0076.png
587,c115220nu_brain5_slice_0077.png
588,c115220nu_brain5_slice_0078.png
589,c115220nu_brain5_slice_0079.png
590,c115220nu_brain5_slice_0080.png
591,c115220nu_brain5_slice_0081.png
592,c115220nu_brain5_slice_0082.png
593,c115220nu_brain5_slice_0083.png
594,c115220nu_brain5_slice_0084.png
595,c115220nu_brain5_slice_0085.png
596,c115220nu_brain5_slice_0086.png
597,c115220nu_brain5_slice_0087.png
598,c115220nu_brain5_slice_0088.png
599,c115220nu_brain5_slice_0089.png
600,c115220nu_brain5_slice_0090.png
601,c115220nu_brain5_slice_0091.png
602,c115220nu_brain5_slice_0092.png
603,c115220nu_brain5_slice_0093.png
604,c115220nu_brain5_slice_0094.png
605,c115220nu_brain5_slice_0095.png
606,c115220nu_brain5_slice_0096.png
607,c115220nu_brain5_slice_0097.png
608,c115220nu_brain5_slice_0098.png
609,c115220nu_brain5_slice_0099.png
610,c115220nu_brain5_slice_0100.png
611,c115220nu_brain5_slice_0101.png
612,c115220nu_brain5_slice_0102.png
613,c115220nu_brain5_slice_0103.png
614,c115220nu_brain5_slice_0104.png
615,c115220nu_brain5_slice_0105.png
616,c115220nu_brain5_slice_0106.png
617,c115220nu_brain5_slice_0107.png
618,c115220nu_brain5_slice_0108.png
619,c115220nu_brain5_slice_0109.png
620,c115220nu_brain5_slice_0110.png
621,c115220nu_brain5_slice_0111.png
622,c115220nu_brain5_slice_0112.png
623,c115220nu_brain5_slice_0113.png
624,c115220nu_brain5_slice_0114.png
625,c115220nu_brain5_slice_0115.png
626,c115220nu_brain5_slice_0116.png
627,c115220nu_brain5_slice_0117.png
628,c115220nu_brain5_slice_0118.png
629,c115220nu_brain5_slice_0119.png
630,c115220nu_brain5_slice_0120.png
631,c115220nu_brain5_slice_0121.png
632,c115220nu_brain5_slice_0122.png
633,c115220nu_brain5_slice_0123.png
634,c115220nu_brain5_slice_0124.png
635,c115220nu_brain5_slice_0125.png
636,c115220nu_brain5_slice_0126.png
637,c115220nu_brain5_slice_0127.png
638,c115220nu_brain5_slice_0128.png
639,c115220nu_brain5_slice_0129.png
640,c115220nu_brain5_slice_0130.png
641,c115220nu_brain5_slice_0131.png
642,c115220nu_brain5_slice_0132.png
643,c115220nu_brain5_slice_0133.png
644,c115220nu_brain5_slice_0134.png
645,c115220nu_brain5_slice_0135.png
646,c115220nu_brain5_slice_0136.png
647,c115220nu_brain5_slice_0137.png
648,c115220nu_brain5_slice_0138.png
649,c115252nu_brain5_slice_0017.png
650,c115252nu_brain5_slice_0018.png
651,c115252nu_brain5_slice_0019.png
652,c115252nu_brain5_slice_0020.png
653,c115252nu_brain5_slice_0021.png
654,c115252nu_brain5_slice_0022.png
655,c115252nu_brain5_slice_0023.png
656,c115252nu_brain5_slice_0024.png
657,c115252nu_brain5_slice_0025.png
658,c115252nu_brain5_slice_0026.png
659,c115252nu_brain5_slice_0027.png
660,c115252nu_brain5_slice_0028.png
661,c115252nu_brain5_slice_0029.png
662,c115252nu_brain5_slice_0030.png
663,c115252nu_brain5_slice_0031.png
664,c115252nu_brain5_slice_0032.png
665,c115252nu_brain5_slice_0033.png
666,c115252nu_brain5_slice_0034.png
667,c115252nu_brain5_slice_0035.png
668,c115252nu_brain5_slice_0036.png
669,c115252nu_brain5_slice_0037.png
670,c115252nu_brain5_slice_0038.png
671,c115252nu_brain5_slice_0039.png
672,c115252nu_brain5_slice_0040.png
673,c115252nu_brain5_slice_0041.png
674,c115252nu_brain5_slice_0042.png
675,c115252nu_brain5_slice_0043.png
676,c115252nu_brain5_slice_0044.png
677,c115252nu_brain5_slice_0045.png
678,c115252nu_brain5_slice_0046.png
679,c115252nu_brain5_slice_0047.png
680,c115252nu_brain5_slice_0048.png
681,c115252nu_brain5_slice_0049.png
682,c115252nu_brain5_slice_0050.png
683,c115252nu_brain5_slice_0051.png
684,c115252nu_brain5_slice_0052.png
685,c115252nu_brain5_slice_0053.png
686,c115252nu_brain5_slice_0054.png
687,c115252nu_brain5_slice_0055.png
688,c115252nu_brain5_slice_0056.png
689,c115252nu_brain5_slice_0057.png
690,c115252nu_brain5_slice_0058.png
691,c115252nu_brain5_slice_0059.png
692,c115252nu_brain5_slice_0060.png
693,c115252nu_brain5_slice_0061.png
694,c115252nu_brain5_slice_0062.png
695,c115252nu_brain5_slice_0063.png
696,c115252nu_brain5_slice_0064.png
697,c115252nu_brain5_slice_0065.png
698,c115252nu_brain5_slice_0066.png
699,c115252nu_brain5_slice_0067.png
700,c115252nu_brain5_slice_0068.png
701,c115252nu_brain5_slice_0069.png
702,c115252nu_brain5_slice_0070.png
703,c115252nu_brain5_slice_0071.png
704,c115252nu_brain5_slice_0072.png
705,c115252nu_brain5_slice_0073.png
706,c115252nu_brain5_slice_0074.png
707,c115252nu_brain5_slice_0075.png
708,c115252nu_brain5_slice_0076.png
709,c115252nu_brain5_slice_0077.png
710,c115252nu_brain5_slice_0078.png
711,c115252nu_brain5_slice_0079.png
712,c115252nu_brain5_slice_0080.png
713,c115252nu_brain5_slice_0081.png
714,c115252nu_brain5_slice_0082.png
715,c115252nu_brain5_slice_0083.png
716,c115252nu_brain5_slice_0084.png
717,c115252nu_brain5_slice_0085.png
718,c115252nu_brain5_slice_0086.png
719,c115252nu_brain5_slice_0087.png
720,c115252nu_brain5_slice_0088.png
721,c115252nu_brain5_slice_0089.png
722,c115252nu_brain5_slice_0090.png
723,c115252nu_brain5_slice_0091.png
724,c115252nu_brain5_slice_0092.png
725,c115252nu_brain5_slice_0093.png
726,c115252nu_brain5_slice_0094.png
727,c115252nu_brain5_slice_0095.png
728,c115252nu_brain5_slice_0096.png
729,c115252nu_brain5_slice_0097.png
730,c115252nu_brain5_slice_0098.png
731,c115252nu_brain5_slice_0099.png
732,c115252nu_brain5_slice_0100.png
733,c115252nu_brain5_slice_0101.png
734,c115252nu_brain5_slice_0102.png
735,c115252nu_brain5_slice_0103.png
736,c115252nu_brain5_slice_0104.png
737,c115252nu_brain5_slice_0105.png
738,c115252nu_brain5_slice_0106.png
739,c115252nu_brain5_slice_0107.png
740,c115252nu_brain5_slice_0108.png
741,c115252nu_brain5_slice_0109.png
742,c115252nu_brain5_slice_0110.png
743,c115252nu_brain5_slice_0111.png
744,c115252nu_brain5_slice_0112.png
745,c115640nu_brain5_slice_0006.png
746,c115640nu_brain5_slice_0007.png
747,c115640nu_brain5_slice_0008.png
748,c115640nu_brain5_slice_0009.png
749,c115640nu_brain5_slice_0010.png
750,c115640nu_brain5_slice_0011.png
751,c115640nu_brain5_slice_0012.png
752,c115640nu_brain5_slice_0013.png
753,c115640nu_brain5_slice_0014.png
754,c115640nu_brain5_slice_0015.png
755,c115640nu_brain5_slice_0016.png
756,c115640nu_brain5_slice_0017.png
757,c115640nu_brain5_slice_0018.png
758,c115640nu_brain5_slice_0019.png
759,c115640nu_brain5_slice_0020.png
760,c115640nu_brain5_slice_0021.png
761,c115640nu_brain5_slice_0022.png
762,c115640nu_brain5_slice_0023.png
763,c115640nu_brain5_slice_0024.png
764,c115640nu_brain5_slice_0025.png
765,c115640nu_brain5_slice_0026.png
766,c115640nu_brain5_slice_0027.png
767,c115640nu_brain5_slice_0028.png
768,c115640nu_brain5_slice_0029.png
769,c115640nu_brain5_slice_0030.png
770,c115640nu_brain5_slice_0031.png
771,c115640nu_brain5_slice_0032.png
772,c115640nu_brain5_slice_0033.png
773,c115640nu_brain5_slice_0034.png
774,c115640nu_brain5_slice_0035.png
775,c115640nu_brain5_slice_0036.png
776,c115640nu_brain5_slice_0037.png
777,c115640nu_brain5_slice_0038.png
778,c115640nu_brain5_slice_0039.png
779,c115640nu_brain5_slice_0040.png
780,c115640nu_brain5_slice_0041.png
781,c115640nu_brain5_slice_0042.png
782,c115640nu_brain5_slice_0043.png
783,c115640nu_brain5_slice_0044.png
784,c115640nu_brain5_slice_0045.png
785,c115640nu_brain5_slice_0046.png
786,c115640nu_brain5_slice_0047.png
787,c115640nu_brain5_slice_0048.png
788,c115640nu_brain5_slice_0049.png
789,c115640nu_brain5_slice_0050.png
790,c115640nu_brain5_slice_0051.png
791,c115640nu_brain5_slice_0052.png
792,c115640nu_brain5_slice_0053.png
793,c115640nu_brain5_slice_0054.png
794,c115640nu_brain5_slice_0055.png
795,c115640nu_brain5_slice_0056.png
796,c115640nu_brain5_slice_0057.png
797,c115640nu_brain5_slice_0058.png
798,c115640nu_brain5_slice_0059.png
799,c115640nu_brain5_slice_0060.png
800,c115640nu_brain5_slice_0061.png
801,c115640nu_brain5_slice_0062.png
802,c115640nu_brain5_slice_0063.png
803,c115640nu_brain5_slice_0064.png
804,c115640nu_brain5_slice_0065.png
805,c115640nu_brain5_slice_0066.png
806,c115640nu_brain5_slice_0067.png
807,c115640nu_brain5_slice_0068.png
808,c115640nu_brain5_slice_0069.png
809,c115640nu_brain5_slice_0070.png
810,c115640nu_brain5_slice_0071.png
811,c115640nu_brain5_slice_0072.png
812,c115640nu_brain5_slice_0073.png
813,c115640nu_brain5_slice_0074.png
814,c115640nu_brain5_slice_0075.png
815,c115640nu_brain5_slice_0076.png
816,c115640nu_brain5_slice_0077.png
817,c115640nu_brain5_slice_0078.png
818,c115640nu_brain5_slice_0079.png
819,c115640nu_brain5_slice_0080.png
820,c115640nu_brain5_slice_0081.png
821,c115640nu_brain5_slice_0082.png
822,c115640nu_brain5_slice_0083.png
823,c115640nu_brain5_slice_0084.png
824,c115640nu_brain5_slice_0085.png
825,c115640nu_brain5_slice_0086.png
826,c115640nu_brain5_slice_0087.png
827,c115640nu_brain5_slice_0088.png
828,c115640nu_brain5_slice_0089.png
829,c115640nu_brain5_slice_0090.png
830,c115640nu_brain5_slice_0091.png
831,c115640nu_brain5_slice_0092.png
832,c115640nu_brain5_slice_0093.png
833,c115640nu_brain5_slice_0094.png
834,c115640nu_brain5_slice_0095.png
835,c115640nu_brain5_slice_0096.png
836,c115640nu_brain5_slice_0097.png
837,c115640nu_brain5_slice_0098.png
838,c115640nu_brain5_slice_0099.png
839,c115640nu_brain5_slice_0100.png
840,c115640nu_brain5_slice_0101.png
841,c115640nu_brain5_slice_0102.png
842,c115640nu_brain5_slice_0103.png
843,c115640nu_brain5_slice_0104.png
844,c115640nu_brain5_slice_0105.png
845,c115640nu_brain5_slice_0106.png
846,c115640nu_brain5_slice_0107.png
847,c115640nu_brain5_slice_0108.png
848,c115640nu_brain5_slice_0109.png
849,c115640nu_brain5_slice_0110.png
850,c115640nu_brain5_slice_0111.png
851,c115640nu_brain5_slice_0112.png
852,c115640nu_brain5_slice_0113.png
853,c115640nu_brain5_slice_0114.png
854,c115640nu_brain5_slice_0115.png
855,c115640nu_brain5_slice_0116.png
856,c115640nu_brain5_slice_0117.png
857,c115640nu_brain5_slice_0118.png
858,c115640nu_brain5_slice_0119.png
859,c115640nu_brain5_slice_0120.png
860,c115640nu_brain5_slice_0121.png
861,c115640nu_brain5_slice_0122.png
862,c115640nu_brain5_slice_0123.png
863,c115640nu_brain5_slice_0124.png
864,c115677nu_brain5_slice_0007.png
865,c115677nu_brain5_slice_0009.png
866,c115677nu_brain5_slice_0010.png
867,c115677nu_brain5_slice_0011.png
868,c115677nu_brain5_slice_0012.png
869,c115677nu_brain5_slice_0013.png
870,c115677nu_brain5_slice_0014.png
871,c115677nu_brain5_slice_0015.png
872,c115677nu_brain5_slice_0016.png
873,c115677nu_brain5_slice_0017.png
874,c115677nu_brain5_slice_0018.png
875,c115677nu_brain5_slice_0019.png
876,c115677nu_brain5_slice_0020.png
877,c115677nu_brain5_slice_0021.png
878,c115677nu_brain5_slice_0022.png
879,c115677nu_brain5_slice_0023.png
880,c115677nu_brain5_slice_0024.png
881,c115677nu_brain5_slice_0025.png
882,c115677nu_brain5_slice_0026.png
883,c115677nu_brain5_slice_0027.png
884,c115677nu_brain5_slice_0028.png
885,c115677nu_brain5_slice_0029.png
886,c115677nu_brain5_slice_0030.png
887,c115677nu_brain5_slice_0031.png
888,c115677nu_brain5_slice_0032.png
889,c115677nu_brain5_slice_0033.png
890,c115677nu_brain5_slice_0034.png
891,c115677nu_brain5_slice_0035.png
892,c115677nu_brain5_slice_0036.png
893,c115677nu_brain5_slice_0037.png
894,c115677nu_brain5_slice_0038.png
895,c115677nu_brain5_slice_0039.png
896,c115677nu_brain5_slice_0040.png
897,c115677nu_brain5_slice_0041.png
898,c115677nu_brain5_slice_0042.png
899,c115677nu_brain5_slice_0043.png
900,c115677nu_brain5_slice_0044.png
901,c115677nu_brain5_slice_0045.png
902,c115677nu_brain5_slice_0046.png
903,c115677nu_brain5_slice_0047.png
904,c115677nu_brain5_slice_0048.png
905,c115677nu_brain5_slice_0049.png
906,c115677nu_brain5_slice_0050.png
907,c115677nu_brain5_slice_0051.png
908,c115677nu_brain5_slice_0052.png
909,c115677nu_brain5_slice_0053.png
910,c115677nu_brain5_slice_0054.png
911,c115677nu_brain5_slice_0055.png
912,c115677nu_brain5_slice_0056.png
913,c115677nu_brain5_slice_0057.png
914,c115677nu_brain5_slice_0058.png
915,c115677nu_brain5_slice_0059.png
916,c115677nu_brain5_slice_0060.png
917,c115677nu_brain5_slice_0061.png
918,c115677nu_brain5_slice_0062.png
919,c115677nu_brain5_slice_0063.png
920,c115677nu_brain5_slice_0064.png
921,c115677nu_brain5_slice_0065.png
922,c115677nu_brain5_slice_0066.png
923,c115677nu_brain5_slice_0067.png
924,c115677nu_brain5_slice_0068.png
925,c115677nu_brain5_slice_0069.png
926,c115677nu_brain5_slice_0070.png
927,c115677nu_brain5_slice_0071.png
928,c115677nu_brain5_slice_0072.png
929,c115677nu_brain5_slice_0073.png
930,c115677nu_brain5_slice_0074.png
931,c115677nu_brain5_slice_0075.png
932,c115677nu_brain5_slice_0076.png
933,c115677nu_brain5_slice_0077.png
934,c115677nu_brain5_slice_0078.png
935,c115677nu_brain5_slice_0079.png
936,c115677nu_brain5_slice_0080.png
937,c115677nu_brain5_slice_0081.png
938,c115677nu_brain5_slice_0082.png
939,c115677nu_brain5_slice_0083.png
940,c115677nu_brain5_slice_0084.png
941,c115677nu_brain5_slice_0085.png
942,c115677nu_brain5_slice_0086.png
943,c115677nu_brain5_slice_0087.png
944,c115677nu_brain5_slice_0088.png
945,c115677nu_brain5_slice_0089.png
946,c115677nu_brain5_slice_0090.png
947,c115677nu_brain5_slice_0091.png
948,c115677nu_brain5_slice_0092.png
949,c115677nu_brain5_slice_0093.png
950,c115677nu_brain5_slice_0094.png
951,c115677nu_brain5_slice_0095.png
952,c115677nu_brain5_slice_0096.png
953,c115677nu_brain5_slice_0097.png
954,c115677nu_brain5_slice_0098.png
955,c115677nu_brain5_slice_0099.png
956,c115677nu_brain5_slice_0100.png
957,c115677nu_brain5_slice_0101.png
958,c115677nu_brain5_slice_0102.png
959,c115677nu_brain5_slice_0103.png
960,c115677nu_brain5_slice_0104.png
961,c115677nu_brain5_slice_0105.png
962,c115677nu_brain5_slice_0106.png
963,c115677nu_brain5_slice_0107.png
964,c115677nu_brain5_slice_0108.png
965,c115677nu_brain5_slice_0109.png
966,c115677nu_brain5_slice_0110.png
967,c115677nu_brain5_slice_0111.png
968,c115677nu_brain5_slice_0112.png
969,c115677nu_brain5_slice_0113.png
970,c115677nu_brain5_slice_0114.png
971,c115677nu_brain5_slice_0115.png
972,c115677nu_brain5_slice_0116.png
973,c115677nu_brain5_slice_0117.png
974,c115749nu_brain5_slice_0010.png
975,c115749nu_brain5_slice_0011.png
976,c115749nu_brain5_slice_0012.png
977,c115749nu_brain5_slice_0013.png
978,c115749nu_brain5_slice_0014.png
979,c115749nu_brain5_slice_0015.png
980,c115749nu_brain5_slice_0016.png
981,c115749nu_brain5_slice_0017.png
982,c115749nu_brain5_slice_0018.png
983,c115749nu_brain5_slice_0019.png
984,c115749nu_brain5_slice_0020.png
985,c115749nu_brain5_slice_0021.png
986,c115749nu_brain5_slice_0022.png
987,c115749nu_brain5_slice_0023.png
988,c115749nu_brain5_slice_0024.png
989,c115749nu_brain5_slice_0025.png
990,c115749nu_brain5_slice_0026.png
991,c115749nu_brain5_slice_0027.png
992,c115749nu_brain5_slice_0028.png
993,c115749nu_brain5_slice_0029.png
994,c115749nu_brain5_slice_0030.png
995,c115749nu_brain5_slice_0031.png
996,c115749nu_brain5_slice_0032.png
997,c115749nu_brain5_slice_0033.png
998,c115749nu_brain5_slice_0034.png
999,c115749nu_brain5_slice_0035.png
1000,c115749nu_brain5_slice_0036.png
1001,c115749nu_brain5_slice_0037.png
1002,c115749nu_brain5_slice_0038.png
1003,c115749nu_brain5_slice_0039.png
1004,c115749nu_brain5_slice_0040.png
1005,c115749nu_brain5_slice_0041.png
1006,c115749nu_brain5_slice_0042.png
1007,c115749nu_brain5_slice_0043.png
1008,c115749nu_brain5_slice_0044.png
1009,c115749nu_brain5_slice_0045.png
1010,c115749nu_brain5_slice_0046.png
1011,c115749nu_brain5_slice_0047.png
1012,c115749nu_brain5_slice_0048.png
1013,c115749nu_brain5_slice_0049.png
1014,c115749nu_brain5_slice_0050.png
1015,c115749nu_brain5_slice_0051.png
1016,c115749nu_brain5_slice_0052.png
1017,c115749nu_brain5_slice_0053.png
1018,c115749nu_brain5_slice_0054.png
1019,c115749nu_brain5_slice_0055.png
1020,c115749nu_brain5_slice_0056.png
1021,c115749nu_brain5_slice_0057.png
1022,c115749nu_brain5_slice_0058.png
1023,c115749nu_brain5_slice_0059.png
1024,c115749nu_brain5_slice_0060.png
1025,c115749nu_brain5_slice_0061.png
1026,c115749nu_brain5_slice_0062.png
1027,c115749nu_brain5_slice_0063.png
1028,c115749nu_brain5_slice_0064.png
1029,c115749nu_brain5_slice_0065.png
1030,c115749nu_brain5_slice_0066.png
1031,c115749nu_brain5_slice_0067.png
1032,c115749nu_brain5_slice_0068.png
1033,c115749nu_brain5_slice_0069.png
1034,c115749nu_brain5_slice_0070.png
1035,c115749nu_brain5_slice_0071.png
1036,c115749nu_brain5_slice_0072.png
1037,c115749nu_brain5_slice_0073.png
1038,c115749nu_brain5_slice_0074.png
1039,c115749nu_brain5_slice_0075.png
1040,c115749nu_brain5_slice_0076.png
1041,c115749nu_brain5_slice_0077.png
1042,c115749nu_brain5_slice_0078.png
1043,c115749nu_brain5_slice_0079.png
1044,c115749nu_brain5_slice_0080.png
1045,c115749nu_brain5_slice_0081.png
1046,c115749nu_brain5_slice_0082.png
1047,c115749nu_brain5_slice_0083.png
1048,c115749nu_brain5_slice_0084.png
1049,c115749nu_brain5_slice_0085.png
1050,c115749nu_brain5_slice_0086.png
1051,c115749nu_brain5_slice_0087.png
1052,c115749nu_brain5_slice_0088.png
1053,c115749nu_brain5_slice_0089.png
1054,c115749nu_brain5_slice_0090.png
1055,c115749nu_brain5_slice_0091.png
1056,c115749nu_brain5_slice_0092.png
1057,c115749nu_brain5_slice_0093.png
1058,c115749nu_brain5_slice_0094.png
1059,c115749nu_brain5_slice_0095.png
1060,c115749nu_brain5_slice_0096.png
1061,c115749nu_brain5_slice_0097.png
1062,c115749nu_brain5_slice_0098.png
1063,c115749nu_brain5_slice_0099.png
1064,c115749nu_brain5_slice_0100.png
1065,c115749nu_brain5_slice_0101.png
1066,c115749nu_brain5_slice_0102.png
1067,c115749nu_brain5_slice_0103.png
1068,c115749nu_brain5_slice_0104.png
1069,c115749nu_brain5_slice_0105.png
1070,c115749nu_brain5_slice_0106.png
1071,c115749nu_brain5_slice_0107.png
1072,c115749nu_brain5_slice_0108.png
1073,c115749nu_brain5_slice_0109.png
1074,c115749nu_brain5_slice_0110.png
1075,c115749nu_brain5_slice_0111.png
1076,c115749nu_brain5_slice_0112.png
1077,c115749nu_brain5_slice_0113.png
1078,c115749nu_brain5_slice_0114.png
1079,c115757nu_brain5_slice_0030.png
1080,c115757nu_brain5_slice_0031.png
1081,c115757nu_brain5_slice_0032.png
1082,c115757nu_brain5_slice_0033.png
1083,c115757nu_brain5_slice_0034.png
1084,c115757nu_brain5_slice_0035.png
1085,c115757nu_brain5_slice_0036.png
1086,c115757nu_brain5_slice_0037.png
1087,c115757nu_brain5_slice_0038.png
1088,c115757nu_brain5_slice_0039.png
1089,c115757nu_brain5_slice_0040.png
1090,c115757nu_brain5_slice_0041.png
1091,c115757nu_brain5_slice_0042.png
1092,c115757nu_brain5_slice_0043.png
1093,c115757nu_brain5_slice_0044.png
1094,c115757nu_brain5_slice_0045.png
1095,c115757nu_brain5_slice_0046.png
1096,c115757nu_brain5_slice_0047.png
1097,c115757nu_brain5_slice_0048.png
1098,c115757nu_brain5_slice_0049.png
1099,c115757nu_brain5_slice_0050.png
1100,c115757nu_brain5_slice_0051.png
1101,c115757nu_brain5_slice_0052.png
1102,c115757nu_brain5_slice_0053.png
1103,c115757nu_brain5_slice_0054.png
1104,c115757nu_brain5_slice_0055.png
1105,c115757nu_brain5_slice_0056.png
1106,c115757nu_brain5_slice_0057.png
1107,c115757nu_brain5_slice_0058.png
1108,c115757nu_brain5_slice_0059.png
1109,c115757nu_brain5_slice_0060.png
1110,c115757nu_brain5_slice_0061.png
1111,c115757nu_brain5_slice_0062.png
1112,c115757nu_brain5_slice_0063.png
1113,c115757nu_brain5_slice_0064.png
1114,c115757nu_brain5_slice_0065.png
1115,c115757nu_brain5_slice_0066.png
1116,c115757nu_brain5_slice_0067.png
1117,c115757nu_brain5_slice_0068.png
1118,c115757nu_brain5_slice_0069.png
1119,c115757nu_brain5_slice_0070.png
1120,c115757nu_brain5_slice_0071.png
1121,c115757nu_brain5_slice_0072.png
1122,c115757nu_brain5_slice_0073.png
1123,c115757nu_brain5_slice_0074.png
1124,c115757nu_brain5_slice_0075.png
1125,c115757nu_brain5_slice_0076.png
1126,c115757nu_brain5_slice_0077.png
1127,c115757nu_brain5_slice_0078.png
1128,c115757nu_brain5_slice_0079.png
1129,c115757nu_brain5_slice_0080.png
1130,c115757nu_brain5_slice_0081.png
1131,c115757nu_brain5_slice_0082.png
1132,c115757nu_brain5_slice_0083.png
1133,c115757nu_brain5_slice_0084.png
1134,c115757nu_brain5_slice_0085.png
1135,c115757nu_brain5_slice_0086.png
1136,c115757nu_brain5_slice_0087.png
1137,c115757nu_brain5_slice_0088.png
1138,c115757nu_brain5_slice_0089.png
1139,c115757nu_brain5_slice_0090.png
1140,c115757nu_brain5_slice_0091.png
1141,c115757nu_brain5_slice_0092.png
1142,c115757nu_brain5_slice_0093.png
1143,c115757nu_brain5_slice_0094.png
1144,c115757nu_brain5_slice_0095.png
1145,c115757nu_brain5_slice_0096.png
1146,c115757nu_brain5_slice_0097.png
1147,c115757nu_brain5_slice_0098.png
1148,c115757nu_brain5_slice_0099.png
1149,c115757nu_brain5_slice_0100.png
1150,c115757nu_brain5_slice_0101.png
1151,c115757nu_brain5_slice_0102.png
1152,c115757nu_brain5_slice_0103.png
1153,c115757nu_brain5_slice_0104.png
1154,c115757nu_brain5_slice_0105.png
1155,c115757nu_brain5_slice_0106.png
1156,c115757nu_brain5_slice_0107.png
1157,c115757nu_brain5_slice_0108.png
1158,c115757nu_brain5_slice_0109.png
1159,c115757nu_brain5_slice_0110.png
1160,c115757nu_brain5_slice_0111.png
1161,c115757nu_brain5_slice_0112.png
1162,c115757nu_brain5_slice_0113.png
1163,c115757nu_brain5_slice_0114.png
1164,c115757nu_brain5_slice_0115.png
1165,c115757nu_brain5_slice_0116.png
1166,c115757nu_brain5_slice_0117.png
1167,c115757nu_brain5_slice_0118.png
1168,c115757nu_brain5_slice_0119.png
1169,c115757nu_brain5_slice_0120.png
1170,c115757nu_brain5_slice_0121.png
1171,c115757nu_brain5_slice_0122.png
1172,c115757nu_brain5_slice_0123.png
1173,c115757nu_brain5_slice_0124.png
1174,c115757nu_brain5_slice_0125.png
1175,c115757nu_brain5_slice_0126.png
1176,c115757nu_brain5_slice_0127.png
1177,c115757nu_brain5_slice_0128.png
1178,c115757nu_brain5_slice_0129.png
1179,c115757nu_brain5_slice_0130.png
1180,c115757nu_brain5_slice_0131.png
1181,c115757nu_brain5_slice_0132.png
1182,c115757nu_brain5_slice_0133.png
1183,c115757nu_brain5_slice_0134.png
1184,c115757nu_brain5_slice_0135.png
1185,c115757nu_brain5_slice_0136.png
1186,c115757nu_brain5_slice_0137.png
1187,c115757nu_brain5_slice_0138.png
1188,c115757nu_brain5_slice_0139.png
1189,c115760nu_brain5_slice_0007.png
1190,c115760nu_brain5_slice_0008.png
1191,c115760nu_brain5_slice_0009.png
1192,c115760nu_brain5_slice_0010.png
1193,c115760nu_brain5_slice_0011.png
1194,c115760nu_brain5_slice_0012.png
1195,c115760nu_brain5_slice_0013.png
1196,c115760nu_brain5_slice_0014.png
1197,c115760nu_brain5_slice_0015.png
1198,c115760nu_brain5_slice_0016.png
1199,c115760nu_brain5_slice_0017.png
1200,c115760nu_brain5_slice_0018.png
1201,c115760nu_brain5_slice_0019.png
1202,c115760nu_brain5_slice_0020.png
1203,c115760nu_brain5_slice_0021.png
1204,c115760nu_brain5_slice_0022.png
1205,c115760nu_brain5_slice_0023.png
1206,c115760nu_brain5_slice_0024.png
1207,c115760nu_brain5_slice_0025.png
1208,c115760nu_brain5_slice_0026.png
1209,c115760nu_brain5_slice_0027.png
1210,c115760nu_brain5_slice_0028.png
1211,c115760nu_brain5_slice_0029.png
1212,c115760nu_brain5_slice_0030.png
1213,c115760nu_brain5_slice_0031.png
1214,c115760nu_brain5_slice_0032.png
1215,c115760nu_brain5_slice_0033.png
1216,c115760nu_brain5_slice_0034.png
1217,c115760nu_brain5_slice_0035.png
1218,c115760nu_brain5_slice_0036.png
1219,c115760nu_brain5_slice_0037.png
1220,c115760nu_brain5_slice_0038.png
1221,c115760nu_brain5_slice_0039.png
1222,c115760nu_brain5_slice_0040.png
1223,c115760nu_brain5_slice_0041.png
1224,c115760nu_brain5_slice_0042.png
1225,c115760nu_brain5_slice_0043.png
1226,c115760nu_brain5_slice_0044.png
1227,c115760nu_brain5_slice_0045.png
1228,c115760nu_brain5_slice_0046.png
1229,c115760nu_brain5_slice_0047.png
1230,c115760nu_brain5_slice_0048.png
1231,c115760nu_brain5_slice_0049.png
1232,c115760nu_brain5_slice_0050.png
1233,c115760nu_brain5_slice_0051.png
1234,c115760nu_brain5_slice_0052.png
1235,c115760nu_brain5_slice_0053.png
1236,c115760nu_brain5_slice_0054.png
1237,c115760nu_brain5_slice_0055.png
1238,c115760nu_brain5_slice_0056.png
1239,c115760nu_brain5_slice_0057.png
1240,c115760nu_brain5_slice_0058.png
1241,c115760nu_brain5_slice_0059.png
1242,c115760nu_brain5_slice_0060.png
1243,c115760nu_brain5_slice_0061.png
1244,c115760nu_brain5_slice_0062.png
1245,c115760nu_brain5_slice_0063.png
1246,c115760nu_brain5_slice_0064.png
1247,c115760nu_brain5_slice_0065.png
1248,c115760nu_brain5_slice_0066.png
1249,c115760nu_brain5_slice_0067.png
1250,c115760nu_brain5_slice_0068.png
1251,c115760nu_brain5_slice_0069.png
1252,c115760nu_brain5_slice_0070.png
1253,c115760nu_brain5_slice_0071.png
1254,c115760nu_brain5_slice_0072.png
1255,c115760nu_brain5_slice_0073.png
1256,c115760nu_brain5_slice_0074.png
1257,c115760nu_brain5_slice_0075.png
1258,c115760nu_brain5_slice_0076.png
1259,c115760nu_brain5_slice_0077.png
1260,c115760nu_brain5_slice_0078.png
1261,c115760nu_brain5_slice_0079.png
1262,c115760nu_brain5_slice_0080.png
1263,c115760nu_brain5_slice_0081.png
1264,c115760nu_brain5_slice_0082.png
1265,c115760nu_brain5_slice_0083.png
1266,c115760nu_brain5_slice_0084.png
1267,c115760nu_brain5_slice_0085.png
1268,c115760nu_brain5_slice_0086.png
1269,c115760nu_brain5_slice_0087.png
1270,c115760nu_brain5_slice_0088.png
1271,c115760nu_brain5_slice_0089.png
1272,c115760nu_brain5_slice_0090.png
1273,c115760nu_brain5_slice_0091.png
1274,c115760nu_brain5_slice_0092.png
1275,c115760nu_brain5_slice_0093.png
1276,c115760nu_brain5_slice_0094.png
1277,c115760nu_brain5_slice_0095.png
1278,c115760nu_brain5_slice_0096.png
1279,c115760nu_brain5_slice_0097.png
1280,c115760nu_brain5_slice_0098.png
1281,c115760nu_brain5_slice_0099.png
1282,c115760nu_brain5_slice_0100.png
1283,c115760nu_brain5_slice_0101.png
1284,c115760nu_brain5_slice_0102.png
1285,c115760nu_brain5_slice_0103.png
1286,c115760nu_brain5_slice_0104.png
1287,c115760nu_brain5_slice_0105.png
1288,c115760nu_brain5_slice_0106.png
1289,c115760nu_brain5_slice_0107.png
1290,c115760nu_brain5_slice_0108.png
1291,c115760nu_brain5_slice_0109.png
1292,c115760nu_brain5_slice_0110.png
1293,c115760nu_brain5_slice_0111.png
1294,c115760nu_brain5_slice_0112.png
1295,c115812nu_brain5_slice_0026.png
1296,c115812nu_brain5_slice_0027.png
1297,c115812nu_brain5_slice_0028.png
1298,c115812nu_brain5_slice_0032.png
1299,c115812nu_brain5_slice_0033.png
1300,c115812nu_brain5_slice_0034.png
1301,c115812nu_brain5_slice_0035.png
1302,c115812nu_brain5_slice_0036.png
1303,c115812nu_brain5_slice_0037.png
1304,c115812nu_brain5_slice_0038.png
1305,c115812nu_brain5_slice_0039.png
1306,c115812nu_brain5_slice_0040.png
1307,c115812nu_brain5_slice_0041.png
1308,c115812nu_brain5_slice_0042.png
1309,c115812nu_brain5_slice_0043.png
1310,c115812nu_brain5_slice_0044.png
1311,c115812nu_brain5_slice_0045.png
1312,c115812nu_brain5_slice_0046.png
1313,c115812nu_brain5_slice_0047.png
1314,c115812nu_brain5_slice_0048.png
1315,c115812nu_brain5_slice_0049.png
1316,c115812nu_brain5_slice_0050.png
1317,c115812nu_brain5_slice_0051.png
1318,c115812nu_brain5_slice_0052.png
1319,c115812nu_brain5_slice_0053.png
1320,c115812nu_brain5_slice_0054.png
1321,c115812nu_brain5_slice_0055.png
1322,c115812nu_brain5_slice_0056.png
1323,c115812nu_brain5_slice_0057.png
1324,c115812nu_brain5_slice_0058.png
1325,c115812nu_brain5_slice_0059.png
1326,c115812nu_brain5_slice_0060.png
1327,c115812nu_brain5_slice_0061.png
1328,c115812nu_brain5_slice_0062.png
1329,c115812nu_brain5_slice_0063.png
1330,c115812nu_brain5_slice_0064.png
1331,c115812nu_brain5_slice_0065.png
1332,c115812nu_brain5_slice_0066.png
1333,c115812nu_brain5_slice_0067.png
1334,c115812nu_brain5_slice_0068.png
1335,c115812nu_brain5_slice_0069.png
1336,c115812nu_brain5_slice_0070.png
1337,c115812nu_brain5_slice_0071.png
1338,c115812nu_brain5_slice_0072.png
1339,c115812nu_brain5_slice_0073.png
1340,c115812nu_brain5_slice_0074.png
1341,c115812nu_brain5_slice_0075.png
1342,c115812nu_brain5_slice_0076.png
1343,c115812nu_brain5_slice_0077.png
1344,c115812nu_brain5_slice_0078.png
1345,c115812nu_brain5_slice_0079.png
1346,c115812nu_brain5_slice_0080.png
1347,c115812nu_brain5_slice_0081.png
1348,c115812nu_brain5_slice_0082.png
1349,c115812nu_brain5_slice_0083.png
1350,c115812nu_brain5_slice_0084.png
1351,c115812nu_brain5_slice_0085.png
1352,c115812nu_brain5_slice_0086.png
1353,c115812nu_brain5_slice_0087.png
1354,c115812nu_brain5_slice_0088.png
1355,c115812nu_brain5_slice_0089.png
1356,c115812nu_brain5_slice_0090.png
1357,c115812nu_brain5_slice_0091.png
1358,c115812nu_brain5_slice_0092.png
1359,c115812nu_brain5_slice_0093.png
1360,c115812nu_brain5_slice_0094.png
1361,c115812nu_brain5_slice_0095.png
1362,c115812nu_brain5_slice_0096.png
1363,c115812nu_brain5_slice_0097.png
1364,c115812nu_brain5_slice_0098.png
1365,c115812nu_brain5_slice_0099.png
1366,c115812nu_brain5_slice_0100.png
1367,c115812nu_brain5_slice_0101.png
1368,c115812nu_brain5_slice_0102.png
1369,c115812nu_brain5_slice_0103.png
1370,c115812nu_brain5_slice_0104.png
1371,c115812nu_brain5_slice_0105.png
1372,c115812nu_brain5_slice_0106.png
1373,c115812nu_brain5_slice_0107.png
1374,c115812nu_brain5_slice_0108.png
1375,c115812nu_brain5_slice_0109.png
1376,c115812nu_brain5_slice_0110.png
1377,c115812nu_brain5_slice_0111.png
1378,c115812nu_brain5_slice_0112.png
1379,c115812nu_brain5_slice_0113.png
1380,c115812nu_brain5_slice_0114.png
1381,c115812nu_brain5_slice_0115.png
1382,c115812nu_brain5_slice_0116.png
1383,c115812nu_brain5_slice_0117.png
1384,c115812nu_brain5_slice_0118.png
1385,c115812nu_brain5_slice_0119.png
1386,c115812nu_brain5_slice_0120.png
1387,c115812nu_brain5_slice_0121.png
1388,c115812nu_brain5_slice_0122.png
1389,c115812nu_brain5_slice_0123.png
1390,c115812nu_brain5_slice_0124.png
1391,c115812nu_brain5_slice_0125.png
1392,c115812nu_brain5_slice_0126.png
1393,c115812nu_brain5_slice_0127.png
1394,c115812nu_brain5_slice_0128.png
1395,c115812nu_brain5_slice_0129.png
1396,c115812nu_brain5_slice_0130.png
1397,c115812nu_brain5_slice_0131.png
1398,c115812nu_brain5_slice_0132.png
1399,c115812nu_brain5_slice_0133.png
1400,c115812nu_brain5_slice_0134.png
1401,c115812nu_brain5_slice_0135.png
1402,c115812nu_brain5_slice_0136.png
1403,c115812nu_brain5_slice_0137.png
1404,c115812nu_brain5_slice_0138.png
1405,c115812nu_brain5_slice_0139.png
1406,c115812nu_brain5_slice_0140.png
1407,c115925nu_brain5_slice_0017.png
1408,c115925nu_brain5_slice_0018.png
1409,c115925nu_brain5_slice_0019.png
1410,c115925nu_brain5_slice_0020.png
1411,c115925nu_brain5_slice_0021.png
1412,c115925nu_brain5_slice_0022.png
1413,c115925nu_brain5_slice_0023.png
1414,c115925nu_brain5_slice_0024.png
1415,c115925nu_brain5_slice_0025.png
1416,c115925nu_brain5_slice_0026.png
1417,c115925nu_brain5_slice_0027.png
1418,c115925nu_brain5_slice_0028.png
1419,c115925nu_brain5_slice_0029.png
1420,c115925nu_brain5_slice_0030.png
1421,c115925nu_brain5_slice_0031.png
1422,c115925nu_brain5_slice_0032.png
1423,c115925nu_brain5_slice_0033.png
1424,c115925nu_brain5_slice_0034.png
1425,c115925nu_brain5_slice_0035.png
1426,c115925nu_brain5_slice_0036.png
1427,c115925nu_brain5_slice_0037.png
1428,c115925nu_brain5_slice_0038.png
1429,c115925nu_brain5_slice_0039.png
1430,c115925nu_brain5_slice_0040.png
1431,c115925nu_brain5_slice_0041.png
1432,c115925nu_brain5_slice_0042.png
1433,c115925nu_brain5_slice_0043.png
1434,c115925nu_brain5_slice_0044.png
1435,c115925nu_brain5_slice_0045.png
1436,c115925nu_brain5_slice_0046.png
1437,c115925nu_brain5_slice_0047.png
1438,c115925nu_brain5_slice_0048.png
1439,c115925nu_brain5_slice_0049.png
1440,c115925nu_brain5_slice_0050.png
1441,c115925nu_brain5_slice_0051.png
1442,c115925nu_brain5_slice_0052.png
1443,c115925nu_brain5_slice_0053.png
1444,c115925nu_brain5_slice_0054.png
1445,c115925nu_brain5_slice_0055.png
1446,c115925nu_brain5_slice_0056.png
1447,c115925nu_brain5_slice_0057.png
1448,c115925nu_brain5_slice_0058.png
1449,c115925nu_brain5_slice_0059.png
1450,c115925nu_brain5_slice_0060.png
1451,c115925nu_brain5_slice_0061.png
1452,c115925nu_brain5_slice_0062.png
1453,c115925nu_brain5_slice_0063.png
1454,c115925nu_brain5_slice_0064.png
1455,c115925nu_brain5_slice_0065.png
1456,c115925nu_brain5_slice_0066.png
1457,c115925nu_brain5_slice_0067.png
1458,c115925nu_brain5_slice_0068.png
1459,c115925nu_brain5_slice_0069.png
1460,c115925nu_brain5_slice_0070.png
1461,c115925nu_brain5_slice_0071.png
1462,c115925nu_brain5_slice_0072.png
1463,c115925nu_brain5_slice_0073.png
1464,c115925nu_brain5_slice_0074.png
1465,c115925nu_brain5_slice_0075.png
1466,c115925nu_brain5_slice_0076.png
1467,c115925nu_brain5_slice_0077.png
1468,c115925nu_brain5_slice_0078.png
1469,c115925nu_brain5_slice_0079.png
1470,c115925nu_brain5_slice_0080.png
1471,c115925nu_brain5_slice_0081.png
1472,c115925nu_brain5_slice_0082.png
1473,c115925nu_brain5_slice_0083.png
1474,c115925nu_brain5_slice_0084.png
1475,c115925nu_brain5_slice_0085.png
1476,c115925nu_brain5_slice_0086.png
1477,c115925nu_brain5_slice_0087.png
1478,c115925nu_brain5_slice_0088.png
1479,c115925nu_brain5_slice_0089.png
1480,c115925nu_brain5_slice_0090.png
1481,c115925nu_brain5_slice_0091.png
1482,c115925nu_brain5_slice_0092.png
1483,c115925nu_brain5_slice_0093.png
1484,c115925nu_brain5_slice_0094.png
1485,c115925nu_brain5_slice_0095.png
1486,c115925nu_brain5_slice_0096.png
1487,c115925nu_brain5_slice_0097.png
1488,c115925nu_brain5_slice_0098.png
1489,c115925nu_brain5_slice_0099.png
1490,c115925nu_brain5_slice_0100.png
1491,c115925nu_brain5_slice_0101.png
1492,c115925nu_brain5_slice_0102.png
1493,c115925nu_brain5_slice_0103.png
1494,c115925nu_brain5_slice_0104.png
1495,c115925nu_brain5_slice_0105.png
1496,c115925nu_brain5_slice_0106.png
1497,c115925nu_brain5_slice_0107.png
1498,c115925nu_brain5_slice_0108.png
1499,c115925nu_brain5_slice_0109.png
1500,c115925nu_brain5_slice_0110.png
1501,c115925nu_brain5_slice_0111.png
1502,c115925nu_brain5_slice_0112.png
1503,c115925nu_brain5_slice_0113.png
1504,c116374nu_brain5_slice_0010.png
1505,c116374nu_brain5_slice_0011.png
1506,c116374nu_brain5_slice_0012.png
1507,c116374nu_brain5_slice_0013.png
1508,c116374nu_brain5_slice_0014.png
1509,c116374nu_brain5_slice_0015.png
1510,c116374nu_brain5_slice_0016.png
1511,c116374nu_brain5_slice_0017.png
1512,c116374nu_brain5_slice_0018.png
1513,c116374nu_brain5_slice_0019.png
1514,c116374nu_brain5_slice_0020.png
1515,c116374nu_brain5_slice_0021.png
1516,c116374nu_brain5_slice_0022.png
1517,c116374nu_brain5_slice_0023.png
1518,c116374nu_brain5_slice_0024.png
1519,c116374nu_brain5_slice_0025.png
1520,c116374nu_brain5_slice_0026.png
1521,c116374nu_brain5_slice_0027.png
1522,c116374nu_brain5_slice_0028.png
1523,c116374nu_brain5_slice_0029.png
1524,c116374nu_brain5_slice_0030.png
1525,c116374nu_brain5_slice_0031.png
1526,c116374nu_brain5_slice_0032.png
1527,c116374nu_brain5_slice_0033.png
1528,c116374nu_brain5_slice_0034.png
1529,c116374nu_brain5_slice_0035.png
1530,c116374nu_brain5_slice_0036.png
1531,c116374nu_brain5_slice_0037.png
1532,c116374nu_brain5_slice_0038.png
1533,c116374nu_brain5_slice_0039.png
1534,c116374nu_brain5_slice_0040.png
1535,c116374nu_brain5_slice_0041.png
1536,c116374nu_brain5_slice_0042.png
1537,c116374nu_brain5_slice_0043.png
1538,c116374nu_brain5_slice_0044.png
1539,c116374nu_brain5_slice_0045.png
1540,c116374nu_brain5_slice_0046.png
1541,c116374nu_brain5_slice_0047.png
1542,c116374nu_brain5_slice_0048.png
1543,c116374nu_brain5_slice_0049.png
1544,c116374nu_brain5_slice_0050.png
1545,c116374nu_brain5_slice_0051.png
1546,c116374nu_brain5_slice_0052.png
1547,c116374nu_brain5_slice_0053.png
1548,c116374nu_brain5_slice_0054.png
1549,c116374nu_brain5_slice_0055.png
1550,c116374nu_brain5_slice_0056.png
1551,c116374nu_brain5_slice_0057.png
1552,c116374nu_brain5_slice_0058.png
1553,c116374nu_brain5_slice_0059.png
1554,c116374nu_brain5_slice_0060.png
1555,c116374nu_brain5_slice_0061.png
1556,c116374nu_brain5_slice_0062.png
1557,c116374nu_brain5_slice_0063.png
1558,c116374nu_brain5_slice_0064.png
1559,c116374nu_brain5_slice_0065.png
1560,c116374nu_brain5_slice_0066.png
1561,c116374nu_brain5_slice_0067.png
1562,c116374nu_brain5_slice_0068.png
1563,c116374nu_brain5_slice_0069.png
1564,c116374nu_brain5_slice_0070.png
1565,c116374nu_brain5_slice_0071.png
1566,c116374nu_brain5_slice_0072.png
1567,c116374nu_brain5_slice_0073.png
1568,c116374nu_brain5_slice_0074.png
1569,c116374nu_brain5_slice_0075.png
1570,c116374nu_brain5_slice_0076.png
1571,c116374nu_brain5_slice_0077.png
1572,c116374nu_brain5_slice_0078.png
1573,c116374nu_brain5_slice_0079.png
1574,c116374nu_brain5_slice_0080.png
1575,c116374nu_brain5_slice_0081.png
1576,c116374nu_brain5_slice_0082.png
1577,c116374nu_brain5_slice_0083.png
1578,c116374nu_brain5_slice_0084.png
1579,c116374nu_brain5_slice_0085.png
1580,c116374nu_brain5_slice_0086.png
1581,c116374nu_brain5_slice_0087.png
1582,c116374nu_brain5_slice_0088.png
1583,c116374nu_brain5_slice_0089.png
1584,c116374nu_brain5_slice_0090.png
1585,c116374nu_brain5_slice_0091.png
1586,c116374nu_brain5_slice_0092.png
1587,c116374nu_brain5_slice_0093.png
1588,c116374nu_brain5_slice_0094.png
1589,c116374nu_brain5_slice_0095.png
1590,c116374nu_brain5_slice_0096.png
1591,c116374nu_brain5_slice_0097.png
1592,c116374nu_brain5_slice_0098.png
1593,c116374nu_brain5_slice_0099.png
1594,c116374nu_brain5_slice_0100.png
1595,c116374nu_brain5_slice_0101.png
1596,c116374nu_brain5_slice_0102.png
1597,c116374nu_brain5_slice_0103.png
1598,c116374nu_brain5_slice_0104.png
1599,c116374nu_brain5_slice_0105.png
1600,c116374nu_brain5_slice_0106.png
1601,c116374nu_brain5_slice_0107.png
1602,c116374nu_brain5_slice_0108.png
1603,c116374nu_brain5_slice_0109.png
1604,c116374nu_brain5_slice_0110.png
1605,c116374nu_brain5_slice_0111.png
1606,c116374nu_brain5_slice_0112.png
1607,c116374nu_brain5_slice_0113.png
1608,c116374nu_brain5_slice_0114.png
1609,c116374nu_brain5_slice_0115.png
1610,c116374nu_brain5_slice_0116.png
1611,c116374nu_brain5_slice_0117.png
1612,c116374nu_brain5_slice_0118.png
1613,c116374nu_brain5_slice_0119.png
1614,c116374nu_brain5_slice_0120.png
1615,c116374nu_brain5_slice_0121.png
1616,c116374nu_brain5_slice_0122.png
1617,c116374nu_brain5_slice_0123.png
1618,c116374nu_brain5_slice_0124.png
1619,c116481nu_brain5_slice_0000.png
1620,c116481nu_brain5_slice_0001.png
1621,c116481nu_brain5_slice_0002.png
1622,c116481nu_brain5_slice_0003.png
1623,c116481nu_brain5_slice_0004.png
1624,c116481nu_brain5_slice_0005.png
1625,c116481nu_brain5_slice_0006.png
1626,c116481nu_brain5_slice_0007.png
1627,c116481nu_brain5_slice_0008.png
1628,c116481nu_brain5_slice_0009.png
1629,c116481nu_brain5_slice_0010.png
1630,c116481nu_brain5_slice_0011.png
1631,c116481nu_brain5_slice_0012.png
1632,c116481nu_brain5_slice_0013.png
1633,c116481nu_brain5_slice_0014.png
1634,c116481nu_brain5_slice_0015.png
1635,c116481nu_brain5_slice_0016.png
1636,c116481nu_brain5_slice_0017.png
1637,c116481nu_brain5_slice_0018.png
1638,c116481nu_brain5_slice_0019.png
1639,c116481nu_brain5_slice_0020.png
1640,c116481nu_brain5_slice_0021.png
1641,c116481nu_brain5_slice_0022.png
1642,c116481nu_brain5_slice_0023.png
1643,c116481nu_brain5_slice_0024.png
1644,c116481nu_brain5_slice_0025.png
1645,c116481nu_brain5_slice_0026.png
1646,c116481nu_brain5_slice_0027.png
1647,c116481nu_brain5_slice_0028.png
1648,c116481nu_brain5_slice_0029.png
1649,c116481nu_brain5_slice_0030.png
1650,c116481nu_brain5_slice_0031.png
1651,c116481nu_brain5_slice_0032.png
1652,c116481nu_brain5_slice_0033.png
1653,c116481nu_brain5_slice_0034.png
1654,c116481nu_brain5_slice_0035.png
1655,c116481nu_brain5_slice_0036.png
1656,c116481nu_brain5_slice_0037.png
1657,c116481nu_brain5_slice_0038.png
1658,c116481nu_brain5_slice_0039.png
1659,c116481nu_brain5_slice_0040.png
1660,c116481nu_brain5_slice_0041.png
1661,c116481nu_brain5_slice_0042.png
1662,c116481nu_brain5_slice_0043.png
1663,c116481nu_brain5_slice_0044.png
1664,c116481nu_brain5_slice_0045.png
1665,c116481nu_brain5_slice_0046.png
1666,c116481nu_brain5_slice_0047.png
1667,c116481nu_brain5_slice_0048.png
1668,c116481nu_brain5_slice_0049.png
1669,c116481nu_brain5_slice_0050.png
1670,c116481nu_brain5_slice_0051.png
1671,c116481nu_brain5_slice_0052.png
1672,c116481nu_brain5_slice_0053.png
1673,c116481nu_brain5_slice_0054.png
1674,c116481nu_brain5_slice_0055.png
1675,c116481nu_brain5_slice_0056.png
1676,c116481nu_brain5_slice_0057.png
1677,c116481nu_brain5_slice_0058.png
1678,c116481nu_brain5_slice_0059.png
1679,c116481nu_brain5_slice_0060.png
1680,c116481nu_brain5_slice_0061.png
1681,c116481nu_brain5_slice_0062.png
1682,c116481nu_brain5_slice_0063.png
1683,c116481nu_brain5_slice_0064.png
1684,c116481nu_brain5_slice_0065.png
1685,c116481nu_brain5_slice_0066.png
1686,c116481nu_brain5_slice_0067.png
1687,c116481nu_brain5_slice_0068.png
1688,c116481nu_brain5_slice_0069.png
1689,c116481nu_brain5_slice_0070.png
1690,c116481nu_brain5_slice_0071.png
1691,c116481nu_brain5_slice_0072.png
1692,c116481nu_brain5_slice_0073.png
1693,c116481nu_brain5_slice_0074.png
1694,c116481nu_brain5_slice_0075.png
1695,c116481nu_brain5_slice_0076.png
1696,c116481nu_brain5_slice_0077.png
1697,c116481nu_brain5_slice_0078.png
1698,c116481nu_brain5_slice_0079.png
1699,c116481nu_brain5_slice_0080.png
1700,c116481nu_brain5_slice_0081.png
1701,c116481nu_brain5_slice_0082.png
1702,c116481nu_brain5_slice_0083.png
1703,c116481nu_brain5_slice_0084.png
1704,c116481nu_brain5_slice_0085.png
1705,c116481nu_brain5_slice_0086.png
1706,c116481nu_brain5_slice_0087.png
1707,c116481nu_brain5_slice_0088.png
1708,c116481nu_brain5_slice_0089.png
1709,c116481nu_brain5_slice_0090.png
1710,c116481nu_brain5_slice_0091.png
1711,c116481nu_brain5_slice_0092.png
1712,c116481nu_brain5_slice_0093.png
1713,c116481nu_brain5_slice_0094.png
1714,c116481nu_brain5_slice_0095.png
1715,c116481nu_brain5_slice_0096.png
1716,c116481nu_brain5_slice_0097.png
1717,c116481nu_brain5_slice_0098.png
1718,c116481nu_brain5_slice_0099.png
1719,c116481nu_brain5_slice_0100.png
1720,c116481nu_brain5_slice_0101.png
1721,c116481nu_brain5_slice_0102.png
1722,c116481nu_brain5_slice_0103.png
1723,c116481nu_brain5_slice_0104.png
1724,c116481nu_brain5_slice_0105.png
1725,c116481nu_brain5_slice_0106.png
1726,c116481nu_brain5_slice_0107.png
1727,c116481nu_brain5_slice_0108.png
1728,c116481nu_brain5_slice_0109.png
1729,c116481nu_brain5_slice_0110.png
1730,c116481nu_brain5_slice_0111.png
1731,c116481nu_brain5_slice_0112.png
1732,c116481nu_brain5_slice_0113.png
1733,c116481nu_brain5_slice_0114.png
1734,c116481nu_brain5_slice_0115.png
1735,c116486nu_brain5_slice_0001.png
1736,c116486nu_brain5_slice_0002.png
1737,c116486nu_brain5_slice_0003.png
1738,c116486nu_brain5_slice_0004.png
1739,c116486nu_brain5_slice_0005.png
1740,c116486nu_brain5_slice_0006.png
1741,c116486nu_brain5_slice_0007.png
1742,c116486nu_brain5_slice_0008.png
1743,c116486nu_brain5_slice_0009.png
1744,c116486nu_brain5_slice_0010.png
1745,c116486nu_brain5_slice_0011.png
1746,c116486nu_brain5_slice_0012.png
1747,c116486nu_brain5_slice_0013.png
1748,c116486nu_brain5_slice_0014.png
1749,c116486nu_brain5_slice_0015.png
1750,c116486nu_brain5_slice_0016.png
1751,c116486nu_brain5_slice_0017.png
1752,c116486nu_brain5_slice_0018.png
1753,c116486nu_brain5_slice_0019.png
1754,c116486nu_brain5_slice_0020.png
1755,c116486nu_brain5_slice_0021.png
1756,c116486nu_brain5_slice_0022.png
1757,c116486nu_brain5_slice_0023.png
1758,c116486nu_brain5_slice_0024.png
1759,c116486nu_brain5_slice_0025.png
1760,c116486nu_brain5_slice_0026.png
1761,c116486nu_brain5_slice_0027.png
1762,c116486nu_brain5_slice_0028.png
1763,c116486nu_brain5_slice_0029.png
1764,c116486nu_brain5_slice_0030.png
1765,c116486nu_brain5_slice_0031.png
1766,c116486nu_brain5_slice_0032.png
1767,c116486nu_brain5_slice_0033.png
1768,c116486nu_brain5_slice_0034.png
1769,c116486nu_brain5_slice_0035.png
1770,c116486nu_brain5_slice_0036.png
1771,c116486nu_brain5_slice_0037.png
1772,c116486nu_brain5_slice_0038.png
1773,c116486nu_brain5_slice_0039.png
1774,c116486nu_brain5_slice_0040.png
1775,c116486nu_brain5_slice_0041.png
1776,c116486nu_brain5_slice_0042.png
1777,c116486nu_brain5_slice_0043.png
1778,c116486nu_brain5_slice_0044.png
1779,c116486nu_brain5_slice_0045.png
1780,c116486nu_brain5_slice_0046.png
1781,c116486nu_brain5_slice_0047.png
1782,c116486nu_brain5_slice_0048.png
1783,c116486nu_brain5_slice_0049.png
1784,c116486nu_brain5_slice_0050.png
1785,c116486nu_brain5_slice_0051.png
1786,c116486nu_brain5_slice_0052.png
1787,c116486nu_brain5_slice_0053.png
1788,c116486nu_brain5_slice_0054.png
1789,c116486nu_brain5_slice_0055.png
1790,c116486nu_brain5_slice_0056.png
1791,c116486nu_brain5_slice_0057.png
1792,c116486nu_brain5_slice_0058.png
1793,c116486nu_brain5_slice_0059.png
1794,c116486nu_brain5_slice_0060.png
1795,c116486nu_brain5_slice_0061.png
1796,c116486nu_brain5_slice_0062.png
1797,c116486nu_brain5_slice_0063.png
1798,c116486nu_brain5_slice_0064.png
1799,c116486nu_brain5_slice_0065.png
1800,c116486nu_brain5_slice_0066.png
1801,c116486nu_brain5_slice_0067.png
1802,c116486nu_brain5_slice_0068.png
1803,c116486nu_brain5_slice_0069.png
1804,c116486nu_brain5_slice_0070.png
1805,c116486nu_brain5_slice_0071.png
1806,c116486nu_brain5_slice_0072.png
1807,c116486nu_brain5_slice_0073.png
1808,c116486nu_brain5_slice_0074.png
1809,c116486nu_brain5_slice_0075.png
1810,c116486nu_brain5_slice_0076.png
1811,c116486nu_brain5_slice_0077.png
1812,c116486nu_brain5_slice_0078.png
1813,c116486nu_brain5_slice_0079.png
1814,c116486nu_brain5_slice_0080.png
1815,c116486nu_brain5_slice_0081.png
1816,c116486nu_brain5_slice_0082.png
1817,c116486nu_brain5_slice_0083.png
1818,c116486nu_brain5_slice_0084.png
1819,c116486nu_brain5_slice_0085.png
1820,c116486nu_brain5_slice_0086.png
1821,c116486nu_brain5_slice_0087.png
1822,c116486nu_brain5_slice_0088.png
1823,c116486nu_brain5_slice_0089.png
1824,c116486nu_brain5_slice_0090.png
1825,c116486nu_brain5_slice_0091.png
1826,c116486nu_brain5_slice_0092.png
1827,c116486nu_brain5_slice_0093.png
1828,c116486nu_brain5_slice_0094.png
1829,c116486nu_brain5_slice_0095.png
1830,c116486nu_brain5_slice_0096.png
1831,c116486nu_brain5_slice_0097.png
1832,c116486nu_brain5_slice_0098.png
1833,c116486nu_brain5_slice_0099.png
1834,c116486nu_brain5_slice_0100.png
1835,c116486nu_brain5_slice_0101.png
1836,c116486nu_brain5_slice_0102.png
1837,c116486nu_brain5_slice_0103.png
1838,c116486nu_brain5_slice_0104.png
1839,c116486nu_brain5_slice_0105.png
1840,c116486nu_brain5_slice_0106.png
1841,c116486nu_brain5_slice_0107.png
1842,c116486nu_brain5_slice_0108.png
1843,c116486nu_brain5_slice_0109.png
1844,c116486nu_brain5_slice_0110.png
1845,c116486nu_brain5_slice_0111.png
1846,c116486nu_brain5_slice_0113.png
1847,c116486nu_brain5_slice_0114.png
1848,c116486nu_brain5_slice_0115.png
1849,c116486nu_brain5_slice_0116.png
1850,c116486nu_brain5_slice_0117.png
1851,c116486nu_brain5_slice_0118.png
1852,c116509nu_brain5_slice_0030.png
1853,c116509nu_brain5_slice_0031.png
1854,c116509nu_brain5_slice_0032.png
1855,c116509nu_brain5_slice_0033.png
1856,c116509nu_brain5_slice_0034.png
1857,c116509nu_brain5_slice_0035.png
1858,c116509nu_brain5_slice_0036.png
1859,c116509nu_brain5_slice_0037.png
1860,c116509nu_brain5_slice_0038.png
1861,c116509nu_brain5_slice_0039.png
1862,c116509nu_brain5_slice_0040.png
1863,c116509nu_brain5_slice_0041.png
1864,c116509nu_brain5_slice_0042.png
1865,c116509nu_brain5_slice_0043.png
1866,c116509nu_brain5_slice_0044.png
1867,c116509nu_brain5_slice_0045.png
1868,c116509nu_brain5_slice_0046.png
1869,c116509nu_brain5_slice_0047.png
1870,c116509nu_brain5_slice_0048.png
1871,c116509nu_brain5_slice_0049.png
1872,c116509nu_brain5_slice_0050.png
1873,c116509nu_brain5_slice_0051.png
1874,c116509nu_brain5_slice_0052.png
1875,c116509nu_brain5_slice_0053.png
1876,c116509nu_brain5_slice_0054.png
1877,c116509nu_brain5_slice_0055.png
1878,c116509nu_brain5_slice_0056.png
1879,c116509nu_brain5_slice_0057.png
1880,c116509nu_brain5_slice_0058.png
1881,c116509nu_brain5_slice_0059.png
1882,c116509nu_brain5_slice_0060.png
1883,c116509nu_brain5_slice_0061.png
1884,c116509nu_brain5_slice_0062.png
1885,c116509nu_brain5_slice_0063.png
1886,c116509nu_brain5_slice_0064.png
1887,c116509nu_brain5_slice_0065.png
1888,c116509nu_brain5_slice_0066.png
1889,c116509nu_brain5_slice_0067.png
1890,c116509nu_brain5_slice_0068.png
1891,c116509nu_brain5_slice_0069.png
1892,c116509nu_brain5_slice_0070.png
1893,c116509nu_brain5_slice_0071.png
1894,c116509nu_brain5_slice_0072.png
1895,c116509nu_brain5_slice_0073.png
1896,c116509nu_brain5_slice_0074.png
1897,c116509nu_brain5_slice_0075.png
1898,c116509nu_brain5_slice_0076.png
1899,c116509nu_brain5_slice_0077.png
1900,c116509nu_brain5_slice_0078.png
1901,c116509nu_brain5_slice_0079.png
1902,c116509nu_brain5_slice_0080.png
1903,c116509nu_brain5_slice_0081.png
1904,c116509nu_brain5_slice_0082.png
1905,c116509nu_brain5_slice_0083.png
1906,c116509nu_brain5_slice_0084.png
1907,c116509nu_brain5_slice_0085.png
1908,c116509nu_brain5_slice_0086.png
1909,c116509nu_brain5_slice_0087.png
1910,c116509nu_brain5_slice_0088.png
1911,c116509nu_brain5_slice_0089.png
1912,c116509nu_brain5_slice_0090.png
1913,c116509nu_brain5_slice_0091.png
1914,c116509nu_brain5_slice_0092.png
1915,c116509nu_brain5_slice_0093.png
1916,c116509nu_brain5_slice_0094.png
1917,c116509nu_brain5_slice_0095.png
1918,c116509nu_brain5_slice_0096.png
1919,c116509nu_brain5_slice_0097.png
1920,c116509nu_brain5_slice_0098.png
1921,c116509nu_brain5_slice_0099.png
1922,c116509nu_brain5_slice_0100.png
1923,c116509nu_brain5_slice_0101.png
1924,c116509nu_brain5_slice_0102.png
1925,c116509nu_brain5_slice_0103.png
1926,c116509nu_brain5_slice_0104.png
1927,c116509nu_brain5_slice_0105.png
1928,c116509nu_brain5_slice_0106.png
1929,c116509nu_brain5_slice_0107.png
1930,c116509nu_brain5_slice_0108.png
1931,c116509nu_brain5_slice_0109.png
1932,c116509nu_brain5_slice_0110.png
1933,c116509nu_brain5_slice_0111.png
1934,c116509nu_brain5_slice_0112.png
1935,c116509nu_brain5_slice_0113.png
1936,c116509nu_brain5_slice_0114.png
1937,c116509nu_brain5_slice_0115.png
1938,c116509nu_brain5_slice_0116.png
1939,c116509nu_brain5_slice_0117.png
1940,c116509nu_brain5_slice_0118.png
1941,c116509nu_brain5_slice_0119.png
1942,c116509nu_brain5_slice_0120.png
1943,c116509nu_brain5_slice_0121.png
1944,c116509nu_brain5_slice_0122.png
1945,c116509nu_brain5_slice_0123.png
1946,c116509nu_brain5_slice_0124.png
1947,c116509nu_brain5_slice_0125.png
1948,c116509nu_brain5_slice_0126.png
1949,c116509nu_brain5_slice_0127.png
1950,c116509nu_brain5_slice_0128.png
1951,c116509nu_brain5_slice_0129.png
1952,c116509nu_brain5_slice_0130.png
1953,c116509nu_brain5_slice_0131.png
1954,c116509nu_brain5_slice_0132.png
1955,c116509nu_brain5_slice_0133.png
1956,c116509nu_brain5_slice_0134.png
1957,c116509nu_brain5_slice_0135.png
1958,c116509nu_brain5_slice_0136.png
1959,c116509nu_brain5_slice_0137.png
1960,c116509nu_brain5_slice_0138.png
1961,c116509nu_brain5_slice_0139.png
1962,c116509nu_brain5_slice_0140.png
1963,c116509nu_brain5_slice_0141.png
1964,c116509nu_brain5_slice_0142.png
1965,c116509nu_brain5_slice_0143.png
1966,c116509nu_brain5_slice_0144.png
1967,c116509nu_brain5_slice_0145.png
1968,c116509nu_brain5_slice_0146.png
1969,c116509nu_brain5_slice_0147.png
1970,c116509nu_brain5_slice_0148.png
1971,c116509nu_brain5_slice_0149.png
1972,c116509nu_brain5_slice_0150.png
1973,c116509nu_brain5_slice_0151.png
1974,c116509nu_brain5_slice_0152.png
1975,c116509nu_brain5_slice_0153.png
1976,c116509nu_brain5_slice_0154.png
1977,c116603nu_brain5_slice_0083.png
1978,c116603nu_brain5_slice_0084.png
1979,c116603nu_brain5_slice_0085.png
1980,c116603nu_brain5_slice_0086.png
1981,c116603nu_brain5_slice_0087.png
1982,c116603nu_brain5_slice_0088.png
1983,c116603nu_brain5_slice_0089.png
1984,c116603nu_brain5_slice_0090.png
1985,c116603nu_brain5_slice_0091.png
1986,c116603nu_brain5_slice_0092.png
1987,c116603nu_brain5_slice_0093.png
1988,c116603nu_brain5_slice_0094.png
1989,c116603nu_brain5_slice_0095.png
1990,c116603nu_brain5_slice_0096.png
1991,c116603nu_brain5_slice_0097.png
1992,c116603nu_brain5_slice_0098.png
1993,c116603nu_brain5_slice_0099.png
1994,c116603nu_brain5_slice_0100.png
1995,c116603nu_brain5_slice_0101.png
1996,c116603nu_brain5_slice_0102.png
1997,c116603nu_brain5_slice_0103.png
1998,c116603nu_brain5_slice_0104.png
1999,c116603nu_brain5_slice_0105.png
2000,c116603nu_brain5_slice_0106.png
2001,c116603nu_brain5_slice_0107.png
2002,c116603nu_brain5_slice_0108.png
2003,c116603nu_brain5_slice_0109.png
2004,c116603nu_brain5_slice_0110.png
2005,c116603nu_brain5_slice_0111.png
2006,c116603nu_brain5_slice_0112.png
2007,c116603nu_brain5_slice_0113.png
2008,c116603nu_brain5_slice_0114.png
2009,c116603nu_brain5_slice_0115.png
2010,c116603nu_brain5_slice_0116.png
2011,c116603nu_brain5_slice_0117.png
2012,c116603nu_brain5_slice_0118.png
2013,c116603nu_brain5_slice_0119.png
2014,c116603nu_brain5_slice_0120.png
2015,c116603nu_brain5_slice_0121.png
2016,c116603nu_brain5_slice_0122.png
2017,c116603nu_brain5_slice_0123.png
2018,c116603nu_brain5_slice_0124.png
2019,c116603nu_brain5_slice_0125.png
2020,c116603nu_brain5_slice_0126.png
2021,c116603nu_brain5_slice_0127.png
2022,c116603nu_brain5_slice_0128.png
2023,c116603nu_brain5_slice_0129.png
2024,c116603nu_brain5_slice_0130.png
2025,c116603nu_brain5_slice_0131.png
2026,c116603nu_brain5_slice_0132.png
2027,c116603nu_brain5_slice_0133.png
2028,c116603nu_brain5_slice_0134.png
2029,c116603nu_brain5_slice_0135.png
2030,c116603nu_brain5_slice_0136.png
2031,c116603nu_brain5_slice_0137.png
2032,c116603nu_brain5_slice_0138.png
2033,c116603nu_brain5_slice_0139.png
2034,c116603nu_brain5_slice_0140.png
2035,c116603nu_brain5_slice_0141.png
2036,c116603nu_brain5_slice_0142.png
2037,c116603nu_brain5_slice_0143.png
2038,c116603nu_brain5_slice_0144.png
2039,c116603nu_brain5_slice_0145.png
2040,c116603nu_brain5_slice_0146.png
2041,c116603nu_brain5_slice_0147.png
2042,c116603nu_brain5_slice_0148.png
2043,c116603nu_brain5_slice_0149.png
2044,c116603nu_brain5_slice_0150.png
2045,c116603nu_brain5_slice_0151.png
2046,c116603nu_brain5_slice_0152.png
2047,c116603nu_brain5_slice_0153.png
2048,c116603nu_brain5_slice_0154.png
2049,c116603nu_brain5_slice_0155.png
2050,c116603nu_brain5_slice_0156.png
2051,c116603nu_brain5_slice_0157.png
2052,c116603nu_brain5_slice_0158.png
2053,c116603nu_brain5_slice_0159.png
2054,c116603nu_brain5_slice_0160.png
2055,c116603nu_brain5_slice_0161.png
2056,c116603nu_brain5_slice_0162.png
2057,c116603nu_brain5_slice_0163.png
2058,c116603nu_brain5_slice_0164.png
2059,c116603nu_brain5_slice_0165.png
2060,c116603nu_brain5_slice_0166.png
2061,c116603nu_brain5_slice_0167.png
2062,c116603nu_brain5_slice_0168.png
2063,c116603nu_brain5_slice_0169.png
2064,c116603nu_brain5_slice_0170.png
2065,c116603nu_brain5_slice_0171.png
2066,c116603nu_brain5_slice_0172.png
2067,c116603nu_brain5_slice_0173.png
2068,c116603nu_brain5_slice_0174.png
2069,c116603nu_brain5_slice_0175.png
2070,c116603nu_brain5_slice_0176.png
2071,c116603nu_brain5_slice_0177.png
2072,c116603nu_brain5_slice_0178.png
2073,c116603nu_brain5_slice_0179.png
2074,c116603nu_brain5_slice_0180.png
2075,c116603nu_brain5_slice_0181.png
2076,c116603nu_brain5_slice_0182.png
2077,c116603nu_brain5_slice_0183.png
2078,c116603nu_brain5_slice_0184.png
2079,c116603nu_brain5_slice_0185.png
2080,c116705nu_brain5_slice_0080.png
2081,c116705nu_brain5_slice_0081.png
2082,c116705nu_brain5_slice_0082.png
2083,c116705nu_brain5_slice_0083.png
2084,c116705nu_brain5_slice_0084.png
2085,c116705nu_brain5_slice_0085.png
2086,c116705nu_brain5_slice_0086.png
2087,c116705nu_brain5_slice_0087.png
2088,c116705nu_brain5_slice_0088.png
2089,c116705nu_brain5_slice_0089.png
2090,c116705nu_brain5_slice_0090.png
2091,c116705nu_brain5_slice_0091.png
2092,c116705nu_brain5_slice_0092.png
2093,c116705nu_brain5_slice_0093.png
2094,c116705nu_brain5_slice_0094.png
2095,c116705nu_brain5_slice_0095.png
2096,c116705nu_brain5_slice_0096.png
2097,c116705nu_brain5_slice_0097.png
2098,c116705nu_brain5_slice_0098.png
2099,c116705nu_brain5_slice_0099.png
2100,c116705nu_brain5_slice_0100.png
2101,c116705nu_brain5_slice_0101.png
2102,c116705nu_brain5_slice_0102.png
2103,c116705nu_brain5_slice_0103.png
2104,c116705nu_brain5_slice_0104.png
2105,c116705nu_brain5_slice_0105.png
2106,c116705nu_brain5_slice_0106.png
2107,c116705nu_brain5_slice_0107.png
2108,c116705nu_brain5_slice_0108.png
2109,c116705nu_brain5_slice_0109.png
2110,c116705nu_brain5_slice_0110.png
2111,c116705nu_brain5_slice_0111.png
2112,c116705nu_brain5_slice_0112.png
2113,c116705nu_brain5_slice_0113.png
2114,c116705nu_brain5_slice_0114.png
2115,c116705nu_brain5_slice_0115.png
2116,c116705nu_brain5_slice_0116.png
2117,c116705nu_brain5_slice_0117.png
2118,c116705nu_brain5_slice_0118.png
2119,c116705nu_brain5_slice_0119.png
2120,c116705nu_brain5_slice_0120.png
2121,c116705nu_brain5_slice_0121.png
2122,c116705nu_brain5_slice_0122.png
2123,c116705nu_brain5_slice_0123.png
2124,c116705nu_brain5_slice_0124.png
2125,c116705nu_brain5_slice_0125.png
2126,c116705nu_brain5_slice_0126.png
2127,c116705nu_brain5_slice_0127.png
2128,c116705nu_brain5_slice_0128.png
2129,c116705nu_brain5_slice_0129.png
2130,c116705nu_brain5_slice_0130.png
2131,c116705nu_brain5_slice_0131.png
2132,c116705nu_brain5_slice_0132.png
2133,c116705nu_brain5_slice_0133.png
2134,c116705nu_brain5_slice_0134.png
2135,c116705nu_brain5_slice_0135.png
2136,c116705nu_brain5_slice_0136.png
2137,c116705nu_brain5_slice_0137.png
2138,c116705nu_brain5_slice_0138.png
2139,c116705nu_brain5_slice_0139.png
2140,c116705nu_brain5_slice_0140.png
2141,c116705nu_brain5_slice_0141.png
2142,c116705nu_brain5_slice_0142.png
2143,c116705nu_brain5_slice_0143.png
2144,c116705nu_brain5_slice_0144.png
2145,c116705nu_brain5_slice_0145.png
2146,c116705nu_brain5_slice_0146.png
2147,c116705nu_brain5_slice_0147.png
2148,c116705nu_brain5_slice_0148.png
2149,c116705nu_brain5_slice_0149.png
2150,c116705nu_brain5_slice_0150.png
2151,c116705nu_brain5_slice_0151.png
2152,c116705nu_brain5_slice_0152.png
2153,c116705nu_brain5_slice_0153.png
2154,c116705nu_brain5_slice_0154.png
2155,c116705nu_brain5_slice_0155.png
2156,c116705nu_brain5_slice_0156.png
2157,c116705nu_brain5_slice_0157.png
2158,c116705nu_brain5_slice_0158.png
2159,c116705nu_brain5_slice_0159.png
2160,c116705nu_brain5_slice_0160.png
2161,c116705nu_brain5_slice_0161.png
2162,c116705nu_brain5_slice_0162.png
2163,c116705nu_brain5_slice_0163.png
2164,c116705nu_brain5_slice_0164.png
2165,c116705nu_brain5_slice_0165.png
2166,c116705nu_brain5_slice_0166.png
2167,c116705nu_brain5_slice_0167.png
2168,c116705nu_brain5_slice_0168.png
2169,c116705nu_brain5_slice_0169.png
2170,c116705nu_brain5_slice_0170.png
2171,c116705nu_brain5_slice_0171.png
2172,c116705nu_brain5_slice_0172.png
2173,c13066nu_brain5_slice_0008.png
2174,c13066nu_brain5_slice_0009.png
2175,c13066nu_brain5_slice_0010.png
2176,c13066nu_brain5_slice_0011.png
2177,c13066nu_brain5_slice_0012.png
2178,c13066nu_brain5_slice_0013.png
2179,c13066nu_brain5_slice_0014.png
2180,c13066nu_brain5_slice_0015.png
2181,c13066nu_brain5_slice_0016.png
2182,c13066nu_brain5_slice_0017.png
2183,c13066nu_brain5_slice_0018.png
2184,c13066nu_brain5_slice_0019.png
2185,c13066nu_brain5_slice_0020.png
2186,c13066nu_brain5_slice_0021.png
2187,c13066nu_brain5_slice_0022.png
2188,c13066nu_brain5_slice_0023.png
2189,c13066nu_brain5_slice_0024.png
2190,c13066nu_brain5_slice_0025.png
2191,c13066nu_brain5_slice_0026.png
2192,c13066nu_brain5_slice_0027.png
2193,c13066nu_brain5_slice_0028.png
2194,c13066nu_brain5_slice_0029.png
2195,c13066nu_brain5_slice_0030.png
2196,c13066nu_brain5_slice_0031.png
2197,c13066nu_brain5_slice_0032.png
2198,c13066nu_brain5_slice_0033.png
2199,c13066nu_brain5_slice_0034.png
2200,c13066nu_brain5_slice_0035.png
2201,c13066nu_brain5_slice_0036.png
2202,c13066nu_brain5_slice_0037.png
2203,c13066nu_brain5_slice_0038.png
2204,c13066nu_brain5_slice_0039.png
2205,c13066nu_brain5_slice_0040.png
2206,c13066nu_brain5_slice_0041.png
2207,c13066nu_brain5_slice_0042.png
2208,c13066nu_brain5_slice_0043.png
2209,c13066nu_brain5_slice_0044.png
2210,c13066nu_brain5_slice_0045.png
2211,c13066nu_brain5_slice_0046.png
2212,c13066nu_brain5_slice_0047.png
2213,c13066nu_brain5_slice_0048.png
2214,c13066nu_brain5_slice_0049.png
2215,c13066nu_brain5_slice_0050.png
2216,c13066nu_brain5_slice_0051.png
2217,c13066nu_brain5_slice_0052.png
2218,c13066nu_brain5_slice_0053.png
2219,c13066nu_brain5_slice_0054.png
2220,c13066nu_brain5_slice_0055.png
2221,c13066nu_brain5_slice_0056.png
2222,c13066nu_brain5_slice_0057.png
2223,c13066nu_brain5_slice_0058.png
2224,c13066nu_brain5_slice_0059.png
2225,c13066nu_brain5_slice_0060.png
2226,c13066nu_brain5_slice_0061.png
2227,c13066nu_brain5_slice_0062.png
2228,c13066nu_brain5_slice_0063.png
2229,c13066nu_brain5_slice_0064.png
2230,c13066nu_brain5_slice_0065.png
2231,c13066nu_brain5_slice_0066.png
2232,c13066nu_brain5_slice_0067.png
2233,c13066nu_brain5_slice_0068.png
2234,c13066nu_brain5_slice_0069.png
2235,c13066nu_brain5_slice_0070.png
2236,c13066nu_brain5_slice_0071.png
2237,c13066nu_brain5_slice_0072.png
2238,c13066nu_brain5_slice_0073.png
2239,c13066nu_brain5_slice_0074.png
2240,c13066nu_brain5_slice_0075.png
2241,c13066nu_brain5_slice_0076.png
2242,c13066nu_brain5_slice_0077.png
2243,c13066nu_brain5_slice_0078.png
2244,c13066nu_brain5_slice_0079.png
2245,c13066nu_brain5_slice_0080.png
2246,c13066nu_brain5_slice_0081.png
2247,c13066nu_brain5_slice_0082.png
2248,c13066nu_brain5_slice_0083.png
2249,c13066nu_brain5_slice_0084.png
2250,c13066nu_brain5_slice_0085.png
2251,c13066nu_brain5_slice_0086.png
2252,c13066nu_brain5_slice_0087.png
2253,c13066nu_brain5_slice_0088.png
2254,c13066nu_brain5_slice_0089.png
2255,c13066nu_brain5_slice_0090.png
2256,c13066nu_brain5_slice_0091.png
2257,c13066nu_brain5_slice_0092.png
2258,c13066nu_brain5_slice_0093.png
2259,c13066nu_brain5_slice_0094.png
2260,c13066nu_brain5_slice_0095.png
2261,c13066nu_brain5_slice_0096.png
2262,c13066nu_brain5_slice_0097.png
2263,c13066nu_brain5_slice_0098.png
2264,c13066nu_brain5_slice_0099.png
2265,c13066nu_brain5_slice_0100.png
2266,c13066nu_brain5_slice_0101.png
2267,c13066nu_brain5_slice_0102.png
2268,c13066nu_brain5_slice_0103.png
2269,c13066nu_brain5_slice_0104.png
2270,c13066nu_brain5_slice_0105.png
2271,c13066nu_brain5_slice_0106.png
2272,c13066nu_brain5_slice_0107.png
2273,c13066nu_brain5_slice_0108.png
2274,c13066nu_brain5_slice_0109.png
2275,c13066nu_brain5_slice_0110.png
2276,c13066nu_brain5_slice_0111.png
2277,c13066nu_brain5_slice_0112.png
2278,c13066nu_brain5_slice_0113.png
2279,c13066nu_brain5_slice_0114.png
2280,c13066nu_brain5_slice_0115.png
2281,c13066nu_brain5_slice_0116.png
2282,c13066nu_brain5_slice_0117.png
2283,c13066nu_brain5_slice_0118.png
2284,c13201nu_brain5_slice_0074.png
2285,c13201nu_brain5_slice_0075.png
2286,c13201nu_brain5_slice_0076.png
2287,c13201nu_brain5_slice_0077.png
2288,c13201nu_brain5_slice_0078.png
2289,c13201nu_brain5_slice_0079.png
2290,c13201nu_brain5_slice_0080.png
2291,c13201nu_brain5_slice_0081.png
2292,c13201nu_brain5_slice_0082.png
2293,c13201nu_brain5_slice_0083.png
2294,c13201nu_brain5_slice_0084.png
2295,c13201nu_brain5_slice_0085.png
2296,c13201nu_brain5_slice_0086.png
2297,c13201nu_brain5_slice_0087.png
2298,c13201nu_brain5_slice_0088.png
2299,c13201nu_brain5_slice_0089.png
2300,c13201nu_brain5_slice_0090.png
2301,c13201nu_brain5_slice_0091.png
2302,c13201nu_brain5_slice_0092.png
2303,c13201nu_brain5_slice_0093.png
2304,c13201nu_brain5_slice_0094.png
2305,c13201nu_brain5_slice_0095.png
2306,c13201nu_brain5_slice_0096.png
2307,c13201nu_brain5_slice_0097.png
2308,c13201nu_brain5_slice_0098.png
2309,c13201nu_brain5_slice_0099.png
2310,c13201nu_brain5_slice_0100.png
2311,c13201nu_brain5_slice_0101.png
2312,c13201nu_brain5_slice_0102.png
2313,c13201nu_brain5_slice_0103.png
2314,c13201nu_brain5_slice_0104.png
2315,c13201nu_brain5_slice_0105.png
2316,c13201nu_brain5_slice_0106.png
2317,c13201nu_brain5_slice_0107.png
2318,c13201nu_brain5_slice_0108.png
2319,c13201nu_brain5_slice_0109.png
2320,c13201nu_brain5_slice_0110.png
2321,c13201nu_brain5_slice_0111.png
2322,c13201nu_brain5_slice_0112.png
2323,c13201nu_brain5_slice_0113.png
2324,c13201nu_brain5_slice_0114.png
2325,c13201nu_brain5_slice_0115.png
2326,c13201nu_brain5_slice_0116.png
2327,c13201nu_brain5_slice_0117.png
2328,c13201nu_brain5_slice_0118.png
2329,c13201nu_brain5_slice_0119.png
2330,c13201nu_brain5_slice_0120.png
2331,c13201nu_brain5_slice_0121.png
2332,c13201nu_brain5_slice_0122.png
2333,c13201nu_brain5_slice_0123.png
2334,c13201nu_brain5_slice_0124.png
2335,c13201nu_brain5_slice_0125.png
2336,c13201nu_brain5_slice_0126.png
2337,c13201nu_brain5_slice_0127.png
2338,c13201nu_brain5_slice_0128.png
2339,c13201nu_brain5_slice_0129.png
2340,c13201nu_brain5_slice_0130.png
2341,c13201nu_brain5_slice_0131.png
2342,c13201nu_brain5_slice_0132.png
2343,c13201nu_brain5_slice_0133.png
2344,c13201nu_brain5_slice_0134.png
2345,c13201nu_brain5_slice_0135.png
2346,c13201nu_brain5_slice_0136.png
2347,c13201nu_brain5_slice_0137.png
2348,c13201nu_brain5_slice_0138.png
2349,c13201nu_brain5_slice_0139.png
2350,c13201nu_brain5_slice_0140.png
2351,c13201nu_brain5_slice_0141.png
2352,c13201nu_brain5_slice_0142.png
2353,c13201nu_brain5_slice_0143.png
2354,c13201nu_brain5_slice_0144.png
2355,c13201nu_brain5_slice_0145.png
2356,c13201nu_brain5_slice_0146.png
2357,c13201nu_brain5_slice_0147.png
2358,c13201nu_brain5_slice_0148.png
2359,c13201nu_brain5_slice_0149.png
2360,c13201nu_brain5_slice_0150.png
2361,c13201nu_brain5_slice_0151.png
2362,c13201nu_brain5_slice_0152.png
2363,c13201nu_brain5_slice_0153.png
2364,c13201nu_brain5_slice_0154.png
2365,c13201nu_brain5_slice_0155.png
2366,c13201nu_brain5_slice_0156.png
2367,c13201nu_brain5_slice_0157.png
2368,c13201nu_brain5_slice_0158.png
2369,c13201nu_brain5_slice_0159.png
2370,c13201nu_brain5_slice_0160.png
2371,c13201nu_brain5_slice_0161.png
2372,c13201nu_brain5_slice_0162.png
2373,c13201nu_brain5_slice_0163.png
2374,c13201nu_brain5_slice_0164.png
2375,c13201nu_brain5_slice_0165.png
2376,c13201nu_brain5_slice_0166.png
2377,c13201nu_brain5_slice_0167.png
2378,c13201nu_brain5_slice_0168.png
2379,c13201nu_brain5_slice_0169.png
2380,c13201nu_brain5_slice_0170.png
2381,c13201nu_brain5_slice_0171.png
2382,c13201nu_brain5_slice_0172.png
2383,c13201nu_brain5_slice_0173.png
2384,c13201nu_brain5_slice_0174.png
2385,c13201nu_brain5_slice_0175.png
2386,c13201nu_brain5_slice_0176.png
2387,c13201nu_brain5_slice_0177.png
2388,c13201nu_brain5_slice_0178.png
2389,c13201nu_brain5_slice_0179.png
2390,c13201nu_brain5_slice_0180.png
2391,c13201nu_brain5_slice_0181.png
2392,c13201nu_brain5_slice_0182.png
2393,c13201nu_brain5_slice_0183.png
2394,c13201nu_brain5_slice_0184.png
2395,c13201nu_brain5_slice_0185.png
2396,c13201nu_brain5_slice_0186.png
2397,c13201nu_brain5_slice_0187.png
2398,c13201nu_brain5_slice_0188.png
2399,c13201nu_brain5_slice_0189.png
2400,c13201nu_brain5_slice_0190.png
2401,c13201nu_brain5_slice_0191.png
2402,c13201nu_brain5_slice_0192.png
2403,c13403nu_brain5_slice_0094.png
2404,c13403nu_brain5_slice_0095.png
2405,c13403nu_brain5_slice_0096.png
2406,c13403nu_brain5_slice_0097.png
2407,c13403nu_brain5_slice_0098.png
2408,c13403nu_brain5_slice_0099.png
2409,c13403nu_brain5_slice_0100.png
2410,c13403nu_brain5_slice_0101.png
2411,c13403nu_brain5_slice_0102.png
2412,c13403nu_brain5_slice_0103.png
2413,c13403nu_brain5_slice_0104.png
2414,c13403nu_brain5_slice_0105.png
2415,c13403nu_brain5_slice_0106.png
2416,c13403nu_brain5_slice_0107.png
2417,c13403nu_brain5_slice_0108.png
2418,c13403nu_brain5_slice_0109.png
2419,c13403nu_brain5_slice_0110.png
2420,c13403nu_brain5_slice_0111.png
2421,c13403nu_brain5_slice_0112.png
2422,c13403nu_brain5_slice_0113.png
2423,c13403nu_brain5_slice_0114.png
2424,c13403nu_brain5_slice_0115.png
2425,c13403nu_brain5_slice_0116.png
2426,c13403nu_brain5_slice_0117.png
2427,c13403nu_brain5_slice_0118.png
2428,c13403nu_brain5_slice_0119.png
2429,c13403nu_brain5_slice_0120.png
2430,c13403nu_brain5_slice_0121.png
2431,c13403nu_brain5_slice_0122.png
2432,c13403nu_brain5_slice_0123.png
2433,c13403nu_brain5_slice_0124.png
2434,c13403nu_brain5_slice_0125.png
2435,c13403nu_brain5_slice_0126.png
2436,c13403nu_brain5_slice_0127.png
2437,c13403nu_brain5_slice_0128.png
2438,c13403nu_brain5_slice_0129.png
2439,c13403nu_brain5_slice_0130.png
2440,c13403nu_brain5_slice_0131.png
2441,c13403nu_brain5_slice_0132.png
2442,c13403nu_brain5_slice_0133.png
2443,c13403nu_brain5_slice_0134.png
2444,c13403nu_brain5_slice_0135.png
2445,c13403nu_brain5_slice_0136.png
2446,c13403nu_brain5_slice_0137.png
2447,c13403nu_brain5_slice_0138.png
2448,c13403nu_brain5_slice_0139.png
2449,c13403nu_brain5_slice_0140.png
2450,c13403nu_brain5_slice_0141.png
2451,c13403nu_brain5_slice_0142.png
2452,c13403nu_brain5_slice_0143.png
2453,c13403nu_brain5_slice_0144.png
2454,c13403nu_brain5_slice_0145.png
2455,c13403nu_brain5_slice_0146.png
2456,c13403nu_brain5_slice_0147.png
2457,c13403nu_brain5_slice_0148.png
2458,c13403nu_brain5_slice_0149.png
2459,c13403nu_brain5_slice_0150.png
2460,c13403nu_brain5_slice_0151.png
2461,c13403nu_brain5_slice_0152.png
2462,c13403nu_brain5_slice_0153.png
2463,c13403nu_brain5_slice_0154.png
2464,c13403nu_brain5_slice_0155.png
2465,c13403nu_brain5_slice_0156.png
2466,c13403nu_brain5_slice_0157.png
2467,c13403nu_brain5_slice_0158.png
2468,c13403nu_brain5_slice_0159.png
2469,c13403nu_brain5_slice_0160.png
2470,c13403nu_brain5_slice_0161.png
2471,c13403nu_brain5_slice_0162.png
2472,c13403nu_brain5_slice_0163.png
2473,c13403nu_brain5_slice_0164.png
2474,c13403nu_brain5_slice_0165.png
2475,c13403nu_brain5_slice_0166.png
2476,c13403nu_brain5_slice_0167.png
2477,c13403nu_brain5_slice_0168.png
2478,c13403nu_brain5_slice_0169.png
2479,c13403nu_brain5_slice_0170.png
2480,c13403nu_brain5_slice_0171.png
2481,c13403nu_brain5_slice_0172.png
2482,c13403nu_brain5_slice_0173.png
2483,c13403nu_brain5_slice_0174.png
2484,c13403nu_brain5_slice_0175.png
2485,c13403nu_brain5_slice_0176.png
2486,c13403nu_brain5_slice_0177.png
2487,c13403nu_brain5_slice_0178.png
2488,c13403nu_brain5_slice_0179.png
2489,c13403nu_brain5_slice_0180.png
2490,c13403nu_brain5_slice_0181.png
2491,c13403nu_brain5_slice_0182.png
2492,c13410nu_brain5_slice_0102.png
2493,c13410nu_brain5_slice_0103.png
2494,c13410nu_brain5_slice_0104.png
2495,c13410nu_brain5_slice_0105.png
2496,c13410nu_brain5_slice_0106.png
2497,c13410nu_brain5_slice_0107.png
2498,c13410nu_brain5_slice_0108.png
2499,c13410nu_brain5_slice_0109.png
2500,c13410nu_brain5_slice_0110.png
2501,c13410nu_brain5_slice_0111.png
2502,c13410nu_brain5_slice_0112.png
2503,c13410nu_brain5_slice_0113.png
2504,c13410nu_brain5_slice_0114.png
2505,c13410nu_brain5_slice_0115.png
2506,c13410nu_brain5_slice_0116.png
2507,c13410nu_brain5_slice_0117.png
2508,c13410nu_brain5_slice_0118.png
2509,c13410nu_brain5_slice_0119.png
2510,c13410nu_brain5_slice_0120.png
2511,c13410nu_brain5_slice_0121.png
2512,c13410nu_brain5_slice_0122.png
2513,c13410nu_brain5_slice_0123.png
2514,c13410nu_brain5_slice_0124.png
2515,c13410nu_brain5_slice_0125.png
2516,c13410nu_brain5_slice_0126.png
2517,c13410nu_brain5_slice_0127.png
2518,c13410nu_brain5_slice_0128.png
2519,c13410nu_brain5_slice_0129.png
2520,c13410nu_brain5_slice_0130.png
2521,c13410nu_brain5_slice_0131.png
2522,c13410nu_brain5_slice_0132.png
2523,c13410nu_brain5_slice_0133.png
2524,c13410nu_brain5_slice_0134.png
2525,c13410nu_brain5_slice_0135.png
2526,c13410nu_brain5_slice_0136.png
2527,c13410nu_brain5_slice_0137.png
2528,c13410nu_brain5_slice_0138.png
2529,c13410nu_brain5_slice_0139.png
2530,c13410nu_brain5_slice_0140.png
2531,c13410nu_brain5_slice_0141.png
2532,c13410nu_brain5_slice_0142.png
2533,c13410nu_brain5_slice_0143.png
2534,c13410nu_brain5_slice_0144.png
2535,c13410nu_brain5_slice_0145.png
2536,c13410nu_brain5_slice_0146.png
2537,c13410nu_brain5_slice_0147.png
2538,c13410nu_brain5_slice_0148.png
2539,c13410nu_brain5_slice_0149.png
2540,c13410nu_brain5_slice_0150.png
2541,c13410nu_brain5_slice_0151.png
2542,c13410nu_brain5_slice_0152.png
2543,c13410nu_brain5_slice_0153.png
2544,c13410nu_brain5_slice_0154.png
2545,c13410nu_brain5_slice_0155.png
2546,c13410nu_brain5_slice_0156.png
2547,c13410nu_brain5_slice_0157.png
2548,c13410nu_brain5_slice_0158.png
2549,c13410nu_brain5_slice_0159.png
2550,c13410nu_brain5_slice_0160.png
2551,c13410nu_brain5_slice_0161.png
2552,c13410nu_brain5_slice_0162.png
2553,c13410nu_brain5_slice_0163.png
2554,c13410nu_brain5_slice_0164.png
2555,c13410nu_brain5_slice_0165.png
2556,c13410nu_brain5_slice_0166.png
2557,c13410nu_brain5_slice_0167.png
2558,c13410nu_brain5_slice_0168.png
2559,c13410nu_brain5_slice_0169.png
2560,c13410nu_brain5_slice_0170.png
2561,c13410nu_brain5_slice_0171.png
2562,c13410nu_brain5_slice_0172.png
2563,c13410nu_brain5_slice_0173.png
2564,c13410nu_brain5_slice_0174.png
2565,c13410nu_brain5_slice_0175.png
2566,c13410nu_brain5_slice_0176.png
2567,c13410nu_brain5_slice_0177.png
2568,c13410nu_brain5_slice_0178.png
2569,c13410nu_brain5_slice_0179.png
2570,c13410nu_brain5_slice_0180.png
2571,c13410nu_brain5_slice_0181.png
2572,c13410nu_brain5_slice_0182.png
2573,c13410nu_brain5_slice_0183.png
2574,c13410nu_brain5_slice_0184.png
2575,c13410nu_brain5_slice_0185.png
2576,c13410nu_brain5_slice_0186.png
2577,c13410nu_brain5_slice_0187.png
2578,c13410nu_brain5_slice_0188.png
2579,c13410nu_brain5_slice_0189.png
